"Date","Price","Open","High","Low","Vol.","Change %"
"01/10/2020","66.07","66.07","66.07","66.07","","-0.12%"
"01/09/2020","66.15","66.15","66.15","66.15","","0.23%"
"01/08/2020","66.00","66.00","66.00","66.00","","-2.83%"
"01/07/2020","67.92","67.92","67.92","67.92","","-0.53%"
"01/06/2020","68.28","68.28","68.28","68.28","","0.66%"
"01/03/2020","67.83","67.83","67.83","67.83","","3.65%"
"01/02/2020","65.44","65.44","65.44","65.44","","0.85%"
"12/31/2019","64.89","64.89","64.89","64.89","","0.06%"
"12/30/2019","64.85","64.85","64.85","64.85","","0.05%"
"12/27/2019","64.82","64.82","64.82","64.82","","-0.02%"
"12/26/2019","64.83","64.83","64.83","64.83","","0.06%"
"12/24/2019","64.79","64.79","64.79","64.79","","0.22%"
"12/23/2019","64.65","64.65","64.65","64.65","","0.03%"
"12/20/2019","64.63","64.63","64.63","64.63","","-0.11%"
"12/19/2019","64.70","64.70","64.70","64.70","","0.25%"
"12/18/2019","64.54","64.54","64.54","64.54","","0.02%"
"12/17/2019","64.53","64.53","64.53","64.53","","0.53%"
"12/16/2019","64.19","64.19","64.19","64.19","","0.11%"
"12/13/2019","64.12","64.12","64.12","64.12","","1.04%"
"12/12/2019","63.46","63.46","63.46","63.46","","0.76%"
"12/11/2019","62.98","62.98","62.98","62.98","","-0.82%"
"12/10/2019","63.50","63.50","63.50","63.50","","0.25%"
"12/09/2019","63.34","63.34","63.34","63.34","","-0.14%"
"12/06/2019","63.43","63.43","63.43","63.43","","0.97%"
"12/05/2019","62.82","62.82","62.82","62.82","","0.48%"
"12/04/2019","62.52","62.52","62.52","62.52","","3.41%"
"12/03/2019","60.46","60.46","60.46","60.46","","0.08%"
"12/02/2019","60.41","60.41","60.41","60.41","","-2.52%"
"11/29/2019","61.97","61.97","61.97","61.97","","0.03%"
"11/27/2019","61.95","61.95","61.95","61.95","","0.00%"
"11/26/2019","61.95","61.95","61.95","61.95","","0.02%"
"11/25/2019","61.94","61.94","61.94","61.94","","0.06%"
"11/22/2019","61.90","61.90","61.90","61.90","","-0.27%"
"11/21/2019","62.07","62.07","62.07","62.07","","0.76%"
"11/20/2019","61.60","61.60","61.60","61.60","","1.02%"
"11/19/2019","60.98","60.98","60.98","60.98","","-0.94%"
"11/18/2019","61.56","61.56","61.56","61.56","","-0.61%"
"11/15/2019","61.94","61.94","61.94","61.94","","0.81%"
"11/14/2019","61.44","61.44","61.44","61.44","","-0.13%"
"11/13/2019","61.52","61.52","61.52","61.52","","0.38%"
"11/12/2019","61.29","61.29","61.29","61.29","","0.33%"
"11/11/2019","61.09","61.09","61.09","61.09","","-0.31%"
"11/08/2019","61.28","61.28","61.28","61.28","","0.29%"
"11/07/2019","61.10","61.10","61.10","61.10","","0.89%"
"11/06/2019","60.56","60.56","60.56","60.56","","-1.51%"
"11/05/2019","61.49","61.49","61.49","61.49","","0.99%"
"11/04/2019","60.89","60.89","60.89","60.89","","0.58%"
"11/01/2019","60.54","60.54","60.54","60.54","","1.97%"
"10/31/2019","59.37","59.37","59.37","59.37","","0.08%"
"10/30/2019","59.32","59.32","59.32","59.32","","-0.15%"
"10/29/2019","59.41","59.41","59.41","59.41","","-0.07%"
"10/28/2019","59.45","59.45","59.45","59.45","","-0.12%"
"10/25/2019","59.52","59.52","59.52","59.52","","0.12%"
"10/24/2019","59.45","59.45","59.45","59.45","","0.13%"
"10/23/2019","59.37","59.37","59.37","59.37","","0.58%"
"10/22/2019","59.03","59.03","59.03","59.03","","0.27%"
"10/21/2019","58.87","58.87","58.87","58.87","","-0.15%"
"10/18/2019","58.96","58.96","58.96","58.96","","-0.35%"
"10/17/2019","59.17","59.17","59.17","59.17","","0.29%"
"10/16/2019","59.00","59.00","59.00","59.00","","0.24%"
"10/15/2019","58.86","58.86","58.86","58.86","","-0.14%"
"10/14/2019","58.94","58.94","58.94","58.94","","-1.31%"
"10/11/2019","59.72","59.72","59.72","59.72","","1.81%"
"10/10/2019","58.66","58.66","58.66","58.66","","1.24%"
"10/09/2019","57.94","57.94","57.94","57.94","","0.05%"
"10/08/2019","57.91","57.91","57.91","57.91","","-0.53%"
"10/07/2019","58.22","58.22","58.22","58.22","","0.19%"
"10/04/2019","58.11","58.11","58.11","58.11","","1.15%"
"10/03/2019","57.45","57.45","57.45","57.45","","0.23%"
"10/02/2019","57.32","57.32","57.32","57.32","","-1.36%"
"10/01/2019","58.11","58.11","58.11","58.11","","-4.92%"
"09/30/2019","61.12","61.12","61.12","61.12","","0.05%"
"09/27/2019","61.09","61.09","61.09","61.09","","-0.11%"
"09/26/2019","61.16","61.16","61.16","61.16","","0.11%"
"09/25/2019","61.09","61.09","61.09","61.09","","-0.24%"
"09/24/2019","61.24","61.24","61.24","61.24","","-0.65%"
"09/23/2019","61.64","61.64","61.64","61.64","","0.21%"
"09/20/2019","61.51","61.51","61.51","61.51","","0.16%"
"09/19/2019","61.41","61.41","61.41","61.41","","0.46%"
"09/18/2019","61.13","61.13","61.13","61.13","","-0.31%"
"09/17/2019","61.32","61.32","61.32","61.32","","-2.85%"
"09/16/2019","63.12","63.12","63.12","63.12","","7.75%"
"09/13/2019","58.58","58.58","58.58","58.58","","-0.10%"
"09/12/2019","58.64","58.64","58.64","58.64","","-0.15%"
"09/11/2019","58.73","58.73","58.73","58.73","","-1.71%"
"09/10/2019","59.75","59.75","59.75","59.75","","-0.52%"
"09/09/2019","60.06","60.06","60.06","60.06","","1.28%"
"09/06/2019","59.30","59.30","59.30","59.30","","1.13%"
"09/05/2019","58.64","58.64","58.64","58.64","","0.07%"
"09/04/2019","58.60","58.60","58.60","58.60","","3.37%"
"09/03/2019","56.69","56.69","56.69","56.69","","-4.09%"
"08/30/2019","59.11","59.11","59.11","59.11","","0.03%"
"08/29/2019","59.09","59.09","59.09","59.09","","-0.03%"
"08/28/2019","59.11","59.11","59.11","59.11","","0.22%"
"08/27/2019","58.98","58.98","58.98","58.98","","0.19%"
"08/26/2019","58.87","58.87","58.87","58.87","","-0.32%"
"08/23/2019","59.06","59.06","59.06","59.06","","-0.35%"
"08/22/2019","59.27","59.27","59.27","59.27","","-0.05%"
"08/21/2019","59.30","59.30","59.30","59.30","","0.30%"
"08/20/2019","59.12","59.12","59.12","59.12","","0.32%"
"08/19/2019","58.93","58.93","58.93","58.93","","0.99%"
"08/16/2019","58.35","58.35","58.35","58.35","","0.45%"
"08/15/2019","58.09","58.09","58.09","58.09","","-1.06%"
"08/14/2019","58.71","58.71","58.71","58.71","","-2.20%"
"08/13/2019","60.03","60.03","60.03","60.03","","2.88%"
"08/12/2019","58.35","58.35","58.35","58.35","","0.07%"
"08/09/2019","58.31","58.31","58.31","58.31","","1.46%"
"08/08/2019","57.47","57.47","57.47","57.47","","1.90%"
"08/07/2019","56.40","56.40","56.40","56.40","","-3.21%"
"08/06/2019","58.27","58.27","58.27","58.27","","-1.00%"
"08/05/2019","58.86","58.86","58.86","58.86","","-2.81%"
"08/02/2019","60.56","60.56","60.56","60.56","","1.95%"
"08/01/2019","59.40","59.40","59.40","59.40","","-6.09%"
"07/31/2019","63.25","63.25","63.25","63.25","","0.03%"
"07/30/2019","63.23","63.23","63.23","63.23","","0.11%"
"07/29/2019","63.16","63.16","63.16","63.16","","-0.02%"
"07/26/2019","63.17","63.17","63.17","63.17","","0.05%"
"07/25/2019","63.14","63.14","63.14","63.14","","0.19%"
"07/24/2019","63.02","63.02","63.02","63.02","","-0.08%"
"07/23/2019","63.07","63.07","63.07","63.07","","0.19%"
"07/22/2019","62.95","62.95","62.95","62.95","","0.58%"
"07/19/2019","62.59","62.59","62.59","62.59","","0.45%"
"07/18/2019","62.31","62.31","62.31","62.31","","-0.86%"
"07/17/2019","62.85","62.85","62.85","62.85","","-0.54%"
"07/16/2019","63.19","63.19","63.19","63.19","","-1.74%"
"07/15/2019","64.31","64.31","64.31","64.31","","-0.20%"
"07/12/2019","64.44","64.44","64.44","64.44","","0.31%"
"07/11/2019","64.24","64.24","64.24","64.24","","-0.59%"
"07/10/2019","64.62","64.62","64.62","64.62","","2.95%"
"07/09/2019","62.77","62.77","62.77","62.77","","0.26%"
"07/08/2019","62.61","62.61","62.61","62.61","","0.13%"
"07/05/2019","62.53","62.53","62.53","62.53","","0.45%"
"07/03/2019","62.25","62.25","62.25","62.25","","2.02%"
"07/02/2019","61.02","61.02","61.02","61.02","","-3.43%"
"07/01/2019","63.19","63.19","63.19","63.19","","2.37%"
"06/27/2019","61.73","61.73","61.73","61.73","","-0.06%"
"06/26/2019","61.77","61.77","61.77","61.77","","0.23%"
"06/25/2019","61.63","61.63","61.63","61.63","","-0.02%"
"06/24/2019","61.64","61.64","61.64","61.64","","-0.28%"
"06/21/2019","61.81","61.81","61.81","61.81","","0.36%"
"06/20/2019","61.59","61.59","61.59","61.59","","1.55%"
"06/19/2019","60.65","60.65","60.65","60.65","","0.02%"
"06/18/2019","60.64","60.64","60.64","60.64","","1.17%"
"06/17/2019","59.94","59.94","59.94","59.94","","-1.04%"
"06/14/2019","60.57","60.57","60.57","60.57","","0.65%"
"06/13/2019","60.18","60.18","60.18","60.18","","1.36%"
"06/12/2019","59.37","59.37","59.37","59.37","","-2.58%"
"06/11/2019","60.94","60.94","60.94","60.94","","0.58%"
"06/10/2019","60.59","60.59","60.59","60.59","","-1.09%"
"06/07/2019","61.26","61.26","61.26","61.26","","2.36%"
"06/06/2019","59.85","59.85","59.85","59.85","","0.47%"
"06/05/2019","59.57","59.57","59.57","59.57","","-2.07%"
"06/04/2019","60.83","60.83","60.83","60.83","","0.71%"
"06/03/2019","60.40","60.40","60.40","60.40","","-12.94%"
"05/31/2019","69.38","69.38","69.38","69.38","","0.06%"
"05/30/2019","69.34","69.34","69.34","69.34","","-0.24%"
"05/29/2019","69.51","69.51","69.51","69.51","","-0.22%"
"05/28/2019","69.66","69.66","69.66","69.66","","0.33%"
"05/24/2019","69.43","69.43","69.43","69.43","","0.09%"
"05/23/2019","69.37","69.37","69.37","69.37","","-1.60%"
"05/22/2019","70.50","70.50","70.50","70.50","","-0.69%"
"05/21/2019","70.99","70.99","70.99","70.99","","0.11%"
"05/20/2019","70.91","70.91","70.91","70.91","","-0.14%"
"05/17/2019","71.01","71.01","71.01","71.01","","-0.20%"
"05/16/2019","71.15","71.15","71.15","71.15","","0.72%"
"05/15/2019","70.64","70.64","70.64","70.64","","0.34%"
"05/14/2019","70.40","70.40","70.40","70.40","","1.09%"
"05/13/2019","69.64","69.64","69.64","69.64","","-0.37%"
"05/10/2019","69.90","69.90","69.90","69.90","","0.30%"
"05/09/2019","69.69","69.69","69.69","69.69","","0.14%"
"05/08/2019","69.59","69.59","69.59","69.59","","0.26%"
"05/07/2019","69.41","69.41","69.41","69.41","","-1.63%"
"05/06/2019","70.56","70.56","70.56","70.56","","-0.11%"
"05/03/2019","70.64","70.64","70.64","70.64","","0.04%"
"05/02/2019","70.61","70.61","70.61","70.61","","-1.45%"
"05/01/2019","71.65","71.65","71.65","71.65","","0.99%"
"04/30/2019","70.95","70.95","70.95","70.95","","0.03%"
"04/29/2019","70.93","70.93","70.93","70.93","","-0.04%"
"04/26/2019","70.96","70.96","70.96","70.96","","-0.24%"
"04/25/2019","71.13","71.13","71.13","71.13","","-0.10%"
"04/24/2019","71.20","71.20","71.20","71.20","","0.14%"
"04/23/2019","71.10","71.10","71.10","71.10","","0.11%"
"04/22/2019","71.02","71.02","71.02","71.02","","0.92%"
"04/18/2019","70.37","70.37","70.37","70.37","","0.31%"
"04/17/2019","70.15","70.15","70.15","70.15","","-0.13%"
"04/16/2019","70.24","70.24","70.24","70.24","","0.59%"
"04/15/2019","69.83","69.83","69.83","69.83","","-0.21%"
"04/12/2019","69.98","69.98","69.98","69.98","","0.40%"
"04/11/2019","69.70","69.70","69.70","69.70","","-0.98%"
"04/10/2019","70.39","70.39","70.39","70.39","","1.05%"
"04/09/2019","69.66","69.66","69.66","69.66","","-0.61%"
"04/08/2019","70.09","70.09","70.09","70.09","","0.52%"
"04/05/2019","69.73","69.73","69.73","69.73","","1.09%"
"04/04/2019","68.98","68.98","68.98","68.98","","0.23%"
"04/03/2019","68.82","68.82","68.82","68.82","","-0.10%"
"04/02/2019","68.89","68.89","68.89","68.89","","0.63%"
"04/01/2019","68.46","68.46","68.46","68.46","","2.29%"
"03/29/2019","66.93","66.93","66.93","66.93","","0.06%"
"03/28/2019","66.89","66.89","66.89","66.89","","-0.04%"
"03/27/2019","66.92","66.92","66.92","66.92","","-0.07%"
"03/26/2019","66.97","66.97","66.97","66.97","","0.12%"
"03/25/2019","66.89","66.89","66.89","66.89","","-0.01%"
"03/22/2019","66.90","66.90","66.90","66.90","","-0.28%"
"03/21/2019","67.09","67.09","67.09","67.09","","-0.37%"
"03/20/2019","67.34","67.34","67.34","67.34","","0.43%"
"03/19/2019","67.05","67.05","67.05","67.05","","0.04%"
"03/18/2019","67.02","67.02","67.02","67.02","","0.22%"
"03/15/2019","66.87","66.87","66.87","66.87","","-0.10%"
"03/14/2019","66.94","66.94","66.94","66.94","","-0.36%"
"03/13/2019","67.18","67.18","67.18","67.18","","0.83%"
"03/12/2019","66.63","66.63","66.63","66.63","","0.06%"
"03/11/2019","66.59","66.59","66.59","66.59","","0.86%"
"03/08/2019","66.02","66.02","66.02","66.02","","-0.62%"
"03/07/2019","66.43","66.43","66.43","66.43","","0.45%"
"03/06/2019","66.13","66.13","66.13","66.13","","0.41%"
"03/05/2019","65.86","65.86","65.86","65.86","","0.38%"
"03/04/2019","65.61","65.61","65.61","65.61","","0.94%"
"03/01/2019","65.00","65.00","65.00","65.00","","0.65%"
"02/28/2019","64.58","64.58","64.58","64.58","","-0.03%"
"02/27/2019","64.60","64.60","64.60","64.60","","0.11%"
"02/26/2019","64.53","64.53","64.53","64.53","","0.05%"
"02/25/2019","64.50","64.50","64.50","64.50","","-0.65%"
"02/22/2019","64.92","64.92","64.92","64.92","","-0.02%"
"02/21/2019","64.93","64.93","64.93","64.93","","-0.03%"
"02/20/2019","64.95","64.95","64.95","64.95","","0.45%"
"02/19/2019","64.66","64.66","64.66","64.66","","-0.03%"
"02/15/2019","64.68","64.68","64.68","64.68","","0.97%"
"02/14/2019","64.06","64.06","64.06","64.06","","1.22%"
"02/13/2019","63.29","63.29","63.29","63.29","","1.25%"
"02/12/2019","62.51","62.51","62.51","62.51","","1.39%"
"02/11/2019","61.65","61.65","61.65","61.65","","-0.82%"
"02/08/2019","62.16","62.16","62.16","62.16","","0.60%"
"02/07/2019","61.79","61.79","61.79","61.79","","-1.47%"
"02/06/2019","62.71","62.71","62.71","62.71","","1.01%"
"02/05/2019","62.08","62.08","62.08","62.08","","-0.75%"
"02/04/2019","62.55","62.55","62.55","62.55","","-0.11%"
"02/01/2019","62.62","62.62","62.62","62.62","","5.99%"
"01/31/2019","59.08","59.08","59.08","59.08","","0.05%"
"01/30/2019","59.05","59.05","59.05","59.05","","0.00%"
"01/29/2019","59.05","59.05","59.05","59.05","","0.22%"
"01/28/2019","58.92","58.92","58.92","58.92","","-0.52%"
"01/25/2019","59.23","59.23","59.23","59.23","","0.12%"
"01/24/2019","59.16","59.16","59.16","59.16","","0.14%"
"01/23/2019","59.08","59.08","59.08","59.08","","-0.03%"
"01/22/2019","59.10","59.10","59.10","59.10","","-0.71%"
"01/18/2019","59.52","59.52","59.52","59.52","","1.12%"
"01/17/2019","58.86","58.86","58.86","58.86","","-0.02%"
"01/16/2019","58.87","58.87","58.87","58.87","","0.62%"
"01/15/2019","58.51","58.51","58.51","58.51","","1.51%"
"01/14/2019","57.64","57.64","57.64","57.64","","-1.27%"
"01/11/2019","58.38","58.38","58.38","58.38","","-1.20%"
"01/10/2019","59.09","59.09","59.09","59.09","","0.32%"
"01/09/2019","58.90","58.90","58.90","58.90","","3.57%"
"01/08/2019","56.87","56.87","56.87","56.87","","2.25%"
"01/07/2019","55.62","55.62","55.62","55.62","","0.27%"
"01/04/2019","55.47","55.47","55.47","55.47","","1.30%"
"01/03/2019","54.76","54.76","54.76","54.76","","1.61%"
"01/02/2019","53.89","53.89","53.89","53.89","","-5.98%"
"12/31/2018","57.32","57.32","57.32","57.32","","0.00%"
"12/28/2018","57.32","57.32","57.32","57.32","","0.07%"
"12/27/2018","57.28","57.28","57.28","57.28","","-0.24%"
"12/26/2018","57.42","57.42","57.42","57.42","","0.86%"
"12/24/2018","56.93","56.93","56.93","56.93","","-0.96%"
"12/21/2018","57.48","57.48","57.48","57.48","","-0.09%"
"12/20/2018","57.53","57.53","57.53","57.53","","-1.17%"
"12/19/2018","58.21","58.21","58.21","58.21","","0.50%"
"12/18/2018","57.92","57.92","57.92","57.92","","-2.06%"
"12/17/2018","59.14","59.14","59.14","59.14","","-0.35%"
"12/14/2018","59.35","59.35","59.35","59.35","","-0.95%"
"12/13/2018","59.92","59.92","59.92","59.92","","1.15%"
"12/12/2018","59.24","59.24","59.24","59.24","","0.17%"
"12/11/2018","59.14","59.14","59.14","59.14","","0.22%"
"12/10/2018","59.01","59.01","59.01","59.01","","-1.98%"
"12/07/2018","60.20","60.20","60.20","60.20","","1.67%"
"12/06/2018","59.21","59.21","59.21","59.21","","-2.07%"
"12/05/2018","60.46","60.46","60.46","60.46","","-0.97%"
"12/04/2018","61.05","61.05","61.05","61.05","","0.88%"
"12/03/2018","60.52","60.52","60.52","60.52","","-7.69%"
"11/30/2018","65.56","65.56","65.56","65.56","","-0.05%"
"11/29/2018","65.59","65.59","65.59","65.59","","0.11%"
"11/28/2018","65.52","65.52","65.52","65.52","","-0.11%"
"11/27/2018","65.59","65.59","65.59","65.59","","-0.06%"
"11/26/2018","65.63","65.63","65.63","65.63","","0.43%"
"11/23/2018","65.35","65.35","65.35","65.35","","-1.68%"
"11/21/2018","66.47","66.47","66.47","66.47","","0.62%"
"11/20/2018","66.06","66.06","66.06","66.06","","-2.39%"
"11/19/2018","67.68","67.68","67.68","67.68","","0.12%"
"11/16/2018","67.60","67.60","67.60","67.60","","0.07%"
"11/15/2018","67.55","67.55","67.55","67.55","","0.43%"
"11/14/2018","67.26","67.26","67.26","67.26","","0.52%"
"11/13/2018","66.91","66.91","66.91","66.91","","-4.15%"
"11/12/2018","69.81","69.81","69.81","69.81","","-0.01%"
"11/09/2018","69.82","69.82","69.82","69.82","","-0.23%"
"11/08/2018","69.98","69.98","69.98","69.98","","-1.52%"
"11/07/2018","71.06","71.06","71.06","71.06","","0.10%"
"11/06/2018","70.99","70.99","70.99","70.99","","-1.24%"
"11/05/2018","71.88","71.88","71.88","71.88","","0.48%"
"11/02/2018","71.54","71.54","71.54","71.54","","-0.03%"
"11/01/2018","71.56","71.56","71.56","71.56","","-9.86%"
"10/31/2018","79.39","79.39","79.39","79.39","","0.05%"
"10/30/2018","79.35","79.35","79.35","79.35","","-0.08%"
"10/29/2018","79.41","79.41","79.41","79.41","","-0.05%"
"10/26/2018","79.45","79.45","79.45","79.45","","0.09%"
"10/25/2018","79.38","79.38","79.38","79.38","","0.13%"
"10/24/2018","79.28","79.28","79.28","79.28","","-0.05%"
"10/23/2018","79.32","79.32","79.32","79.32","","-1.08%"
"10/22/2018","80.19","80.19","80.19","80.19","","0.14%"
"10/19/2018","80.08","80.08","80.08","80.08","","0.06%"
"10/18/2018","80.03","80.03","80.03","80.03","","-0.27%"
"10/17/2018","80.25","80.25","80.25","80.25","","-0.74%"
"10/16/2018","80.85","80.85","80.85","80.85","","0.57%"
"10/15/2018","80.39","80.39","80.39","80.39","","0.02%"
"10/12/2018","80.37","80.37","80.37","80.37","","0.22%"
"10/11/2018","80.19","80.19","80.19","80.19","","-2.03%"
"10/10/2018","81.85","81.85","81.85","81.85","","-1.69%"
"10/09/2018","83.26","83.26","83.26","83.26","","0.82%"
"10/08/2018","82.58","82.58","82.58","82.58","","-0.16%"
"10/05/2018","82.71","82.71","82.71","82.71","","-0.08%"
"10/04/2018","82.78","82.78","82.78","82.78","","-1.59%"
"10/03/2018","84.12","84.12","84.12","84.12","","1.77%"
"10/02/2018","82.66","82.66","82.66","82.66","","-0.19%"
"10/01/2018","82.82","82.82","82.82","82.82","","7.21%"
"09/28/2018","77.25","77.25","77.25","77.25","","0.04%"
"09/27/2018","77.22","77.22","77.22","77.22","","0.16%"
"09/26/2018","77.10","77.10","77.10","77.10","","-0.05%"
"09/25/2018","77.14","77.14","77.14","77.14","","0.16%"
"09/24/2018","77.02","77.02","77.02","77.02","","0.71%"
"09/21/2018","76.48","76.48","76.48","76.48","","0.05%"
"09/20/2018","76.44","76.44","76.44","76.44","","-0.27%"
"09/19/2018","76.65","76.65","76.65","76.65","","0.20%"
"09/18/2018","76.50","76.50","76.50","76.50","","0.58%"
"09/17/2018","76.06","76.06","76.06","76.06","","-0.09%"
"09/14/2018","76.13","76.13","76.13","76.13","","-0.12%"
"09/13/2018","76.22","76.22","76.22","76.22","","-1.14%"
"09/12/2018","77.10","77.10","77.10","77.10","","0.50%"
"09/11/2018","76.72","76.72","76.72","76.72","","1.54%"
"09/10/2018","75.56","75.56","75.56","75.56","","0.69%"
"09/07/2018","75.04","75.04","75.04","75.04","","0.47%"
"09/06/2018","74.69","74.69","74.69","74.69","","-1.11%"
"09/05/2018","75.53","75.53","75.53","75.53","","-1.14%"
"09/04/2018","76.40","76.40","76.40","76.40","","5.39%"
"08/31/2018","72.49","72.49","72.49","72.49","","-0.03%"
"08/30/2018","72.51","72.51","72.51","72.51","","0.03%"
"08/29/2018","72.49","72.49","72.49","72.49","","0.14%"
"08/28/2018","72.39","72.39","72.39","72.39","","-0.08%"
"08/27/2018","72.45","72.45","72.45","72.45","","0.08%"
"08/24/2018","72.39","72.39","72.39","72.39","","0.44%"
"08/23/2018","72.07","72.07","72.07","72.07","","0.01%"
"08/22/2018","72.06","72.06","72.06","72.06","","0.95%"
"08/21/2018","71.38","71.38","71.38","71.38","","0.28%"
"08/20/2018","71.18","71.18","71.18","71.18","","0.15%"
"08/17/2018","71.07","71.07","71.07","71.07","","0.27%"
"08/16/2018","70.88","70.88","70.88","70.88","","0.50%"
"08/15/2018","70.53","70.53","70.53","70.53","","-1.23%"
"08/14/2018","71.41","71.41","71.41","71.41","","-0.15%"
"08/13/2018","71.52","71.52","71.52","71.52","","-0.26%"
"08/10/2018","71.71","71.71","71.71","71.71","","0.80%"
"08/09/2018","71.14","71.14","71.14","71.14","","-0.21%"
"08/08/2018","71.29","71.29","71.29","71.29","","-2.22%"
"08/07/2018","72.91","72.91","72.91","72.91","","0.77%"
"08/06/2018","72.35","72.35","72.35","72.35","","0.64%"
"08/03/2018","71.89","71.89","71.89","71.89","","-0.43%"
"08/02/2018","72.20","72.20","72.20","72.20","","1.93%"
"08/01/2018","70.83","70.83","70.83","70.83","","-3.13%"
"07/31/2018","73.12","73.12","73.12","73.12","","-0.04%"
"07/30/2018","73.15","73.15","73.15","73.15","","0.01%"
"07/27/2018","73.14","73.14","73.14","73.14","","0.00%"
"07/26/2018","73.14","73.14","73.14","73.14","","0.18%"
"07/25/2018","73.01","73.01","73.01","73.01","","0.26%"
"07/24/2018","72.82","72.82","72.82","72.82","","0.21%"
"07/23/2018","72.67","72.67","72.67","72.67","","0.11%"
"07/20/2018","72.59","72.59","72.59","72.59","","0.21%"
"07/19/2018","72.44","72.44","72.44","72.44","","-0.39%"
"07/18/2018","72.72","72.72","72.72","72.72","","0.48%"
"07/17/2018","72.37","72.37","72.37","72.37","","0.50%"
"07/16/2018","72.01","72.01","72.01","72.01","","-2.45%"
"07/13/2018","73.82","73.82","73.82","73.82","","0.81%"
"07/12/2018","73.23","73.23","73.23","73.23","","1.22%"
"07/11/2018","72.35","72.35","72.35","72.35","","-4.46%"
"07/10/2018","75.73","75.73","75.73","75.73","","0.87%"
"07/09/2018","75.08","75.08","75.08","75.08","","1.12%"
"07/06/2018","74.25","74.25","74.25","74.25","","-0.38%"
"07/05/2018","74.53","74.53","74.53","74.53","","-0.47%"
"07/03/2018","74.88","74.88","74.88","74.88","","0.74%"
"07/02/2018","74.33","74.33","74.33","74.33","","1.01%"
"06/29/2018","73.59","73.59","73.59","73.59","","0.03%"
"06/28/2018","73.57","73.57","73.57","73.57","","-0.01%"
"06/27/2018","73.58","73.58","73.58","73.58","","0.19%"
"06/26/2018","73.44","73.44","73.44","73.44","","0.40%"
"06/25/2018","73.15","73.15","73.15","73.15","","-0.20%"
"06/22/2018","73.30","73.30","73.30","73.30","","0.92%"
"06/21/2018","72.63","72.63","72.63","72.63","","-0.53%"
"06/20/2018","73.02","73.02","73.02","73.02","","-0.23%"
"06/19/2018","73.19","73.19","73.19","73.19","","-0.41%"
"06/18/2018","73.49","73.49","73.49","73.49","","0.96%"
"06/15/2018","72.79","72.79","72.79","72.79","","-1.56%"
"06/14/2018","73.94","73.94","73.94","73.94","","-0.70%"
"06/13/2018","74.46","74.46","74.46","74.46","","0.66%"
"06/12/2018","73.97","73.97","73.97","73.97","","-0.54%"
"06/11/2018","74.37","74.37","74.37","74.37","","0.09%"
"06/08/2018","74.30","74.30","74.30","74.30","","-0.77%"
"06/07/2018","74.88","74.88","74.88","74.88","","1.99%"
"06/06/2018","73.42","73.42","73.42","73.42","","0.05%"
"06/05/2018","73.38","73.38","73.38","73.38","","0.31%"
"06/04/2018","73.15","73.15","73.15","73.15","","-1.30%"
"06/01/2018","74.11","74.11","74.11","74.11","","-0.40%"
"05/31/2018","74.41","74.41","74.41","74.41","","-0.04%"
"05/30/2018","74.44","74.44","74.44","74.44","","-0.19%"
"05/29/2018","74.58","74.58","74.58","74.58","","0.17%"
"05/25/2018","74.45","74.45","74.45","74.45","","-0.44%"
"05/24/2018","74.78","74.78","74.78","74.78","","-0.27%"
"05/23/2018","74.98","74.98","74.98","74.98","0.04K","0.09%"
"05/22/2018","74.91","74.91","74.91","74.91","0.02K","0.16%"
"05/21/2018","74.79","74.79","74.79","74.79","","0.46%"
"05/18/2018","74.45","74.45","74.45","74.45","","-0.29%"
"05/17/2018","74.67","74.67","74.67","74.67","","0.11%"
"05/16/2018","74.59","74.59","74.59","74.59","","0.74%"
"05/15/2018","74.04","74.04","74.04","74.04","","0.03%"
"05/14/2018","74.02","74.02","74.02","74.02","","0.73%"
"05/11/2018","73.48","73.48","73.48","73.48","","-0.27%"
"05/10/2018","73.68","73.68","73.68","73.68","","0.42%"
"05/09/2018","73.37","73.37","73.37","73.37","","2.29%"
"05/08/2018","71.73","71.73","71.73","71.73","","-1.51%"
"05/07/2018","72.83","72.83","72.83","72.83","","1.46%"
"05/04/2018","71.78","71.78","71.78","71.78","","1.51%"
"05/03/2018","70.71","70.71","70.71","70.71","","0.38%"
"05/02/2018","70.44","70.44","70.44","70.44","","-0.16%"
"05/01/2018","70.55","70.55","70.55","70.55","","3.34%"
"04/30/2018","68.27","68.27","68.27","68.27","","-0.01%"
"04/27/2018","68.28","68.28","68.28","68.28","","0.00%"
"04/26/2018","68.28","68.28","68.28","68.28","","0.18%"
"04/25/2018","68.16","68.16","68.16","68.16","0.01K","-0.06%"
"04/24/2018","68.20","68.20","68.20","68.20","","-0.31%"
"04/23/2018","68.41","68.41","68.41","68.41","","0.18%"
"04/20/2018","68.29","68.29","68.29","68.29","","0.16%"
"04/19/2018","68.18","68.18","68.18","68.18","","0.03%"
"04/18/2018","68.16","68.16","68.16","68.16","","1.16%"
"04/17/2018","67.38","67.38","67.38","67.38","","0.19%"
"04/16/2018","67.25","67.25","67.25","67.25","0.01K","-0.81%"
"04/13/2018","67.80","67.80","67.80","67.80","0.00K","0.21%"
"04/12/2018","67.66","67.66","67.66","67.66","","-0.18%"
"04/11/2018","67.78","67.78","67.78","67.78","","0.76%"
"04/10/2018","67.27","67.27","67.27","67.27","","2.19%"
"04/09/2018","65.83","65.83","65.83","65.83","","1.83%"
"04/06/2018","64.65","64.65","64.65","64.65","","-1.24%"
"04/05/2018","65.46","65.46","65.46","65.46","","0.44%"
"04/04/2018","65.17","65.17","65.17","65.17","","0.02%"
"04/03/2018","65.16","65.16","65.16","65.16","","0.84%"
"04/02/2018","64.62","64.62","64.62","64.62","","3.01%"
"03/29/2018","62.73","62.73","62.73","62.73","","0.08%"
"03/28/2018","62.68","62.68","62.68","62.68","0.00K","-0.13%"
"03/27/2018","62.76","62.76","62.76","62.76","","-0.02%"
"03/26/2018","62.77","62.77","62.77","62.77","","-0.11%"
"03/23/2018","62.84","62.84","62.84","62.84","","0.35%"
"03/22/2018","62.62","62.62","62.62","62.62","","-0.35%"
"03/21/2018","62.84","62.84","62.84","62.84","","0.92%"
"03/20/2018","62.27","62.27","62.27","62.27","","0.66%"
"03/19/2018","61.86","61.86","61.86","61.86","0.01K","-0.16%"
"03/16/2018","61.96","61.96","61.96","61.96","","0.78%"
"03/15/2018","61.48","61.48","61.48","61.48","","0.20%"
"03/14/2018","61.36","61.36","61.36","61.36","0.01K","0.31%"
"03/13/2018","61.17","61.17","61.17","61.17","","-0.24%"
"03/12/2018","61.32","61.32","61.32","61.32","0.01K","-0.60%"
"03/09/2018","61.69","61.69","61.69","61.69","","2.07%"
"03/08/2018","60.44","60.44","60.44","60.44","","-0.77%"
"03/07/2018","60.91","60.91","60.91","60.91","","-2.09%"
"03/06/2018","62.21","62.21","62.21","62.21","","0.44%"
"03/05/2018","61.94","61.94","61.94","61.94","","1.69%"
"03/02/2018","60.91","60.91","60.91","60.91","","0.86%"
"03/01/2018","60.39","60.39","60.39","60.39","","-3.71%"
"02/28/2018","62.72","62.72","62.72","62.72","","0.00%"
"02/27/2018","62.72","62.72","62.72","62.72","","-0.05%"
"02/26/2018","62.75","62.75","62.75","62.75","","0.00%"
"02/23/2018","62.75","62.75","62.75","62.75","","0.21%"
"02/22/2018","62.62","62.62","62.62","62.62","","0.24%"
"02/21/2018","62.47","62.47","62.47","62.47","","0.06%"
"02/20/2018","62.43","62.43","62.43","62.43","","0.24%"
"02/16/2018","62.28","62.28","62.28","62.28","","0.00%"
"02/15/2018","62.28","62.28","62.28","62.28","","0.37%"
"02/14/2018","62.05","62.05","62.05","62.05","","1.24%"
"02/13/2018","61.29","61.29","61.29","61.29","","0.21%"
"02/12/2018","61.16","61.16","61.16","61.16","","-0.10%"
"02/09/2018","61.22","61.22","61.22","61.22","","-2.27%"
"02/08/2018","62.64","62.64","62.64","62.64","","-0.79%"
"02/07/2018","63.14","63.14","63.14","63.14","","-1.76%"
"02/06/2018","64.27","64.27","64.27","64.27","","-1.11%"
"02/05/2018","64.99","64.99","64.99","64.99","","-1.14%"
"02/02/2018","65.74","65.74","65.74","65.74","","-1.48%"
"02/01/2018","66.73","66.73","66.73","66.73","","0.82%"
"01/31/2018","66.19","66.19","66.19","66.19","","-0.02%"
"01/30/2018","66.20","66.20","66.20","66.20","","-0.05%"
"01/29/2018","66.23","66.23","66.23","66.23","","-0.14%"
"01/26/2018","66.32","66.32","66.32","66.32","","0.09%"
"01/25/2018","66.26","66.26","66.26","66.26","","-0.08%"
"01/24/2018","66.31","66.31","66.31","66.31","","0.15%"
"01/23/2018","66.21","66.21","66.21","66.21","","0.36%"
"01/22/2018","65.97","65.97","65.97","65.97","","0.23%"
"01/19/2018","65.82","65.82","65.82","65.82","","-0.39%"
"01/18/2018","66.08","66.08","66.08","66.08","","-0.08%"
"01/17/2018","66.13","66.13","66.13","66.13","","0.12%"
"01/16/2018","66.05","66.05","66.05","66.05","","-0.47%"
"01/12/2018","66.36","66.36","66.36","66.36","","0.44%"
"01/11/2018","66.07","66.07","66.07","66.07","","0.09%"
"01/10/2018","66.01","66.01","66.01","66.01","","0.30%"
"01/09/2018","65.81","65.81","65.81","65.81","","1.11%"
"01/08/2018","65.09","65.09","65.09","65.09","","0.23%"
"01/05/2018","64.94","64.94","64.94","64.94","","-0.57%"
"01/04/2018","65.31","65.31","65.31","65.31","","0.11%"
"01/03/2018","65.24","65.24","65.24","65.24","","1.91%"
"01/02/2018","64.02","64.02","64.02","64.02","","3.93%"
"12/29/2017","61.60","61.60","61.60","61.60","","0.06%"
"12/28/2017","61.56","61.56","61.56","61.56","","0.07%"
"12/27/2017","61.52","61.52","61.52","61.52","","-0.13%"
"12/26/2017","61.60","61.60","61.60","61.60","","0.74%"
"12/22/2017","61.15","61.15","61.15","61.15","","-0.24%"
"12/21/2017","61.30","61.30","61.30","61.30","","0.03%"
"12/20/2017","61.28","61.28","61.28","61.28","","0.43%"
"12/19/2017","61.02","61.02","61.02","61.02","","0.36%"
"12/18/2017","60.80","60.80","60.80","60.80","","0.16%"
"12/15/2017","60.70","60.70","60.70","60.70","","0.08%"
"12/14/2017","60.65","60.65","60.65","60.65","","0.88%"
"12/13/2017","60.12","60.12","60.12","60.12","","-0.73%"
"12/12/2017","60.56","60.56","60.56","60.56","","-1.72%"
"12/11/2017","61.62","61.62","61.62","61.62","","1.28%"
"12/08/2017","60.84","60.84","60.84","60.84","","1.03%"
"12/07/2017","60.22","60.22","60.22","60.22","","1.48%"
"12/06/2017","59.34","59.34","59.34","59.34","","-2.00%"
"12/05/2017","60.55","60.55","60.55","60.55","","0.88%"
"12/04/2017","60.02","60.02","60.02","60.02","","-1.98%"
"12/01/2017","61.23","61.23","61.23","61.23","","0.67%"
"11/30/2017","60.82","60.82","60.82","60.82","","0.03%"
"11/29/2017","60.80","60.80","60.80","60.80","","0.00%"
"11/28/2017","60.80","60.80","60.80","60.80","","-0.13%"
"11/27/2017","60.88","60.88","60.88","60.88","","-0.07%"
"11/24/2017","60.92","60.92","60.92","60.92","","0.23%"
"11/22/2017","60.78","60.78","60.78","60.78","","0.25%"
"11/21/2017","60.63","60.63","60.63","60.63","0.01K","0.13%"
"11/20/2017","60.55","60.55","60.55","60.55","0.40K","-0.44%"
"11/17/2017","60.82","60.82","60.82","60.82","","1.00%"
"11/16/2017","60.22","60.22","60.22","60.22","","-0.45%"
"11/15/2017","60.49","60.49","60.49","60.49","","-0.33%"
"11/14/2017","60.69","60.69","60.69","60.69","","-0.80%"
"11/13/2017","61.18","61.18","61.18","61.18","","-0.20%"
"11/10/2017","61.30","61.30","61.30","61.30","","-0.42%"
"11/09/2017","61.56","61.56","61.56","61.56","","0.69%"
"11/08/2017","61.14","61.14","61.14","61.14","","-0.10%"
"11/07/2017","61.20","61.20","61.20","61.20","","-1.02%"
"11/06/2017","61.83","61.83","61.83","61.83","","2.79%"
"11/03/2017","60.15","60.15","60.15","60.15","","2.17%"
"11/02/2017","58.87","58.87","58.87","58.87","","0.24%"
"11/01/2017","58.73","58.73","58.73","58.73","","5.72%"
"10/31/2017","55.55","55.55","55.55","55.55","","0.02%"
"10/30/2017","55.54","55.54","55.54","55.54","","-0.02%"
"10/27/2017","55.55","55.55","55.55","55.55","","0.18%"
"10/26/2017","55.45","55.45","55.45","55.45","","0.20%"
"10/25/2017","55.34","55.34","55.34","55.34","","-0.09%"
"10/24/2017","55.39","55.39","55.39","55.39","","0.45%"
"10/23/2017","55.14","55.14","55.14","55.14","","-0.24%"
"10/20/2017","55.27","55.27","55.27","55.27","","0.25%"
"10/19/2017","55.13","55.13","55.13","55.13","","-0.63%"
"10/18/2017","55.48","55.48","55.48","55.48","","0.20%"
"10/17/2017","55.37","55.37","55.37","55.37","","0.05%"
"10/16/2017","55.34","55.34","55.34","55.34","","0.55%"
"10/13/2017","55.04","55.04","55.04","55.04","","0.92%"
"10/12/2017","54.54","54.54","54.54","54.54","","-0.53%"
"10/11/2017","54.83","54.83","54.83","54.83","","0.40%"
"10/10/2017","54.61","54.61","54.61","54.61","","0.94%"
"10/09/2017","54.10","54.10","54.10","54.10","","0.28%"
"10/06/2017","53.95","53.95","53.95","53.95","","-2.30%"
"10/05/2017","55.22","55.22","55.22","55.22","","1.71%"
"10/04/2017","54.29","54.29","54.29","54.29","","-0.24%"
"10/03/2017","54.42","54.42","54.42","54.42","","-0.55%"
"10/02/2017","54.72","54.72","54.72","54.72","","1.96%"
"09/29/2017","53.67","53.67","53.67","53.67","","0.07%"
"09/28/2017","53.63","53.63","53.63","53.63","","-0.07%"
"09/27/2017","53.67","53.67","53.67","53.67","","-0.19%"
"09/26/2017","53.77","53.77","53.77","53.77","","-0.28%"
"09/25/2017","53.92","53.92","53.92","53.92","","0.60%"
"09/22/2017","53.60","53.60","53.60","53.60","","0.15%"
"09/21/2017","53.52","53.52","53.52","53.52","","0.02%"
"09/20/2017","53.51","53.51","53.51","53.51","","0.79%"
"09/19/2017","53.09","53.09","53.09","53.09","","-0.30%"
"09/18/2017","53.25","53.25","53.25","53.25","","-0.06%"
"09/15/2017","53.28","53.28","53.28","53.28","","0.11%"
"09/14/2017","53.22","53.22","53.22","53.22","","0.30%"
"09/13/2017","53.06","53.06","53.06","53.06","","0.91%"
"09/12/2017","52.58","52.58","52.58","52.58","0.10K","0.44%"
"09/11/2017","52.35","52.35","52.35","52.35","","0.21%"
"09/08/2017","52.24","52.24","52.24","52.24","","-1.02%"
"09/07/2017","52.78","52.78","52.78","52.78","","0.04%"
"09/06/2017","52.76","52.76","52.76","52.76","","1.42%"
"09/05/2017","52.02","52.02","52.02","52.02","","1.03%"
"09/01/2017","51.49","51.49","51.49","51.49","","2.53%"
"08/31/2017","50.22","50.22","50.22","50.22","0.33K","0.00%"
"08/30/2017","50.22","50.22","50.22","50.22","0.15K","-0.06%"
"08/29/2017","50.25","50.25","50.25","50.25","0.15K","0.02%"
"08/28/2017","50.24","50.24","50.24","50.24","","-0.12%"
"08/25/2017","50.30","50.30","50.30","50.30","","0.18%"
"08/24/2017","50.21","50.21","50.21","50.21","","-0.30%"
"08/23/2017","50.36","50.36","50.36","50.36","","0.44%"
"08/22/2017","50.14","50.14","50.14","50.14","","0.10%"
"08/21/2017","50.09","50.09","50.09","50.09","","-0.71%"
"08/18/2017","50.45","50.45","50.45","50.45","","1.22%"
"08/17/2017","49.84","49.84","49.84","49.84","","0.54%"
"08/16/2017","49.57","49.57","49.57","49.57","","-0.66%"
"08/15/2017","49.90","49.90","49.90","49.90","","0.10%"
"08/14/2017","49.85","49.85","49.85","49.85","","-1.54%"
"08/11/2017","50.63","50.63","50.63","50.63","","0.08%"
"08/10/2017","50.59","50.59","50.59","50.59","","-0.14%"
"08/09/2017","50.66","50.66","50.66","50.66","","-0.28%"
"08/08/2017","50.80","50.80","50.80","50.80","","-0.39%"
"08/07/2017","51.00","51.00","51.00","51.00","","-0.20%"
"08/04/2017","51.10","51.10","51.10","51.10","","0.91%"
"08/03/2017","50.64","50.64","50.64","50.64","","-0.76%"
"08/02/2017","51.03","51.03","51.03","51.03","","1.21%"
"08/01/2017","50.42","50.42","50.42","50.42","","5.99%"
"07/31/2017","47.57","47.57","47.57","47.57","","0.02%"
"07/28/2017","47.56","47.56","47.56","47.56","","0.00%"
"07/27/2017","47.56","47.56","47.56","47.56","","0.08%"
"07/26/2017","47.52","47.52","47.52","47.52","","0.23%"
"07/25/2017","47.41","47.41","47.41","47.41","","0.64%"
"07/24/2017","47.11","47.11","47.11","47.11","","0.23%"
"07/21/2017","47.00","47.00","47.00","47.00","","-0.68%"
"07/20/2017","47.32","47.32","47.32","47.32","0.10K","-0.29%"
"07/19/2017","47.46","47.46","47.46","47.46","","0.68%"
"07/18/2017","47.14","47.14","47.14","47.14","","0.34%"
"07/17/2017","46.98","46.98","46.98","46.98","","-0.53%"
"07/14/2017","47.23","47.23","47.23","47.23","","0.60%"
"07/13/2017","46.95","46.95","46.95","46.95","","0.79%"
"07/12/2017","46.58","46.58","46.58","46.58","","0.32%"
"07/11/2017","46.43","46.43","46.43","46.43","","0.87%"
"07/10/2017","46.03","46.03","46.03","46.03","","0.33%"
"07/07/2017","45.88","45.88","45.88","45.88","","-2.40%"
"07/06/2017","47.01","47.01","47.01","47.01","","0.45%"
"07/05/2017","46.80","46.80","46.80","46.80","","-3.58%"
"07/03/2017","48.54","48.54","48.54","48.54","","4.45%"
"06/30/2017","46.47","46.47","46.47","46.47","","0.00%"
"06/29/2017","46.47","46.47","46.47","46.47","","0.04%"
"06/28/2017","46.45","46.45","46.45","46.45","0.15K","0.13%"
"06/27/2017","46.39","46.39","46.39","46.39","","0.30%"
"06/26/2017","46.25","46.25","46.25","46.25","","0.13%"
"06/23/2017","46.19","46.19","46.19","46.19","","0.20%"
"06/22/2017","46.10","46.10","46.10","46.10","","0.24%"
"06/21/2017","45.99","45.99","45.99","45.99","","-0.69%"
"06/20/2017","46.31","46.31","46.31","46.31","","-0.52%"
"06/19/2017","46.55","46.55","46.55","46.55","","-0.39%"
"06/16/2017","46.73","46.73","46.73","46.73","","0.30%"
"06/15/2017","46.59","46.59","46.59","46.59","","-0.21%"
"06/14/2017","46.69","46.69","46.69","46.69","","-2.08%"
"06/13/2017","47.68","47.68","47.68","47.68","","0.42%"
"06/12/2017","47.48","47.48","47.48","47.48","","0.21%"
"06/09/2017","47.38","47.38","47.38","47.38","","0.55%"
"06/08/2017","47.12","47.12","47.12","47.12","","-0.13%"
"06/07/2017","47.18","47.18","47.18","47.18","","-3.24%"
"06/06/2017","48.76","48.76","48.76","48.76","","1.06%"
"06/05/2017","48.25","48.25","48.25","48.25","","-1.05%"
"06/02/2017","48.76","48.76","48.76","48.76","","-1.44%"
"06/01/2017","49.47","49.47","49.47","49.47","","-2.12%"
"05/31/2017","50.54","50.54","50.54","50.54","","-0.08%"
"05/30/2017","50.58","50.58","50.58","50.58","","-0.02%"
"05/26/2017","50.59","50.59","50.59","50.59","","0.18%"
"05/25/2017","50.50","50.50","50.50","50.50","","-0.94%"
"05/24/2017","50.98","50.98","50.98","50.98","","-0.14%"
"05/23/2017","51.05","51.05","51.05","51.05","","0.24%"
"05/22/2017","50.93","50.93","50.93","50.93","","0.12%"
"05/19/2017","50.87","50.87","50.87","50.87","","0.79%"
"05/18/2017","50.47","50.47","50.47","50.47","","0.24%"
"05/17/2017","50.35","50.35","50.35","50.35","","0.62%"
"05/16/2017","50.04","50.04","50.04","50.04","","0.00%"
"05/15/2017","50.04","50.04","50.04","50.04","","1.09%"
"05/12/2017","49.50","49.50","49.50","49.50","","0.04%"
"05/11/2017","49.48","49.48","49.48","49.48","0.20K","0.65%"
"05/10/2017","49.16","49.16","49.16","49.16","","2.20%"
"05/09/2017","48.10","48.10","48.10","48.10","","-0.91%"
"05/08/2017","48.54","48.54","48.54","48.54","","0.41%"
"05/05/2017","48.34","48.34","48.34","48.34","","1.41%"
"05/04/2017","47.67","47.67","47.67","47.67","","-4.16%"
"05/03/2017","49.74","49.74","49.74","49.74","","0.89%"
"05/02/2017","49.30","49.30","49.30","49.30","","-2.74%"
"05/01/2017","50.69","50.69","50.69","50.69","","-3.06%"
"04/28/2017","52.29","52.29","52.29","52.29","","-0.04%"
"04/27/2017","52.31","52.31","52.31","52.31","","-0.08%"
"04/26/2017","52.35","52.35","52.35","52.35","","-0.04%"
"04/25/2017","52.37","52.37","52.37","52.37","","0.11%"
"04/24/2017","52.31","52.31","52.31","52.31","","-0.02%"
"04/21/2017","52.32","52.32","52.32","52.32","","-0.48%"
"04/20/2017","52.57","52.57","52.57","52.57","","0.15%"
"04/19/2017","52.49","52.49","52.49","52.49","","-1.32%"
"04/18/2017","53.19","53.19","53.19","53.19","","-0.45%"
"04/17/2017","53.43","53.43","53.43","53.43","0.10K","-0.56%"
"04/13/2017","53.73","53.73","53.73","53.73","","0.04%"
"04/12/2017","53.71","53.71","53.71","53.71","","-0.68%"
"04/11/2017","54.08","54.08","54.08","54.08","","0.46%"
"04/10/2017","53.83","53.83","53.83","53.83","","1.09%"
"04/07/2017","53.25","53.25","53.25","53.25","","0.62%"
"04/06/2017","52.92","52.92","52.92","52.92","","0.80%"
"04/05/2017","52.50","52.50","52.50","52.50","","0.59%"
"04/04/2017","52.19","52.19","52.19","52.19","","1.64%"
"04/03/2017","51.35","51.35","51.35","51.35","","0.29%"
"03/31/2017","51.20","51.20","51.20","51.20","","-0.06%"
"03/30/2017","51.23","51.23","51.23","51.23","","0.06%"
"03/29/2017","51.20","51.20","51.20","51.20","","0.23%"
"03/28/2017","51.08","51.08","51.08","51.08","","0.14%"
"03/27/2017","51.01","51.01","51.01","51.01","","-0.02%"
"03/24/2017","51.02","51.02","51.02","51.02","","0.12%"
"03/23/2017","50.96","50.96","50.96","50.96","","-0.16%"
"03/22/2017","51.04","51.04","51.04","51.04","","-0.10%"
"03/21/2017","51.09","51.09","51.09","51.09","","-0.45%"
"03/20/2017","51.32","51.32","51.32","51.32","","-0.12%"
"03/17/2017","51.38","51.38","51.38","51.38","","-0.04%"
"03/16/2017","51.40","51.40","51.40","51.40","","0.04%"
"03/15/2017","51.38","51.38","51.38","51.38","","0.82%"
"03/14/2017","50.96","50.96","50.96","50.96","","-0.76%"
"03/13/2017","51.35","51.35","51.35","51.35","","-0.04%"
"03/10/2017","51.37","51.37","51.37","51.37","","-0.85%"
"03/09/2017","51.81","51.81","51.81","51.81","","-0.84%"
"03/08/2017","52.25","52.25","52.25","52.25","","-3.79%"
"03/07/2017","54.31","54.31","54.31","54.31","","-0.02%"
"03/06/2017","54.32","54.32","54.32","54.32","","-0.06%"
"03/03/2017","54.35","54.35","54.35","54.35","","0.91%"
"03/02/2017","53.86","53.86","53.86","53.86","","-1.98%"
"03/01/2017","54.95","54.95","54.95","54.95","","0.94%"
"02/28/2017","54.44","54.44","54.44","54.44","","0.02%"
"02/27/2017","54.43","54.43","54.43","54.43","","0.09%"
"02/24/2017","54.38","54.38","54.38","54.38","","-0.06%"
"02/23/2017","54.41","54.41","54.41","54.41","","0.26%"
"02/22/2017","54.27","54.27","54.27","54.27","","-0.28%"
"02/21/2017","54.42","54.42","54.42","54.42","","0.37%"
"02/17/2017","54.22","54.22","54.22","54.22","","0.18%"
"02/16/2017","54.12","54.12","54.12","54.12","","-0.04%"
"02/15/2017","54.14","54.14","54.14","54.14","","-0.24%"
"02/14/2017","54.27","54.27","54.27","54.27","","0.44%"
"02/13/2017","54.03","54.03","54.03","54.03","","-1.03%"
"02/10/2017","54.59","54.59","54.59","54.59","0.10K","0.89%"
"02/09/2017","54.11","54.11","54.11","54.11","","0.71%"
"02/08/2017","53.73","53.73","53.73","53.73","","-0.32%"
"02/07/2017","53.90","53.90","53.90","53.90","","-0.65%"
"02/06/2017","54.25","54.25","54.25","54.25","","-1.52%"
"02/03/2017","55.09","55.09","55.09","55.09","","0.79%"
"02/02/2017","54.66","54.66","54.66","54.66","","0.40%"
"02/01/2017","54.44","54.44","54.44","54.44","","1.34%"
"01/31/2017","53.72","53.72","53.72","53.72","","-0.04%"
"01/30/2017","53.74","53.74","53.74","53.74","","-0.04%"
"01/27/2017","53.76","53.76","53.76","53.76","0.20K","-0.07%"
"01/26/2017","53.80","53.80","53.80","53.80","","0.24%"
"01/25/2017","53.67","53.67","53.67","53.67","","-0.06%"
"01/24/2017","53.70","53.70","53.70","53.70","","0.11%"
"01/23/2017","53.64","53.64","53.64","53.64","0.20K","-0.19%"
"01/20/2017","53.74","53.74","53.74","53.74","","0.81%"
"01/19/2017","53.31","53.31","53.31","53.31","","0.38%"
"01/18/2017","53.11","53.11","53.11","53.11","","-1.08%"
"01/17/2017","53.69","53.69","53.69","53.69","","-0.06%"
"01/13/2017","53.72","53.72","53.72","53.72","","-0.33%"
"01/12/2017","53.90","53.90","53.90","53.90","","0.97%"
"01/11/2017","53.38","53.38","53.38","53.38","","2.03%"
"01/10/2017","52.32","52.32","52.32","52.32","","-1.64%"
"01/09/2017","53.19","53.19","53.19","53.19","","-2.97%"
"01/06/2017","54.82","54.82","54.82","54.82","","0.11%"
"01/05/2017","54.76","54.76","54.76","54.76","","0.79%"
"01/04/2017","54.33","54.33","54.33","54.33","","2.20%"
"01/03/2017","53.16","53.16","53.16","53.16","","2.03%"
"12/30/2016","52.10","52.10","52.10","52.10","","-0.04%"
"12/29/2016","52.12","52.12","52.12","52.12","","-0.04%"
"12/28/2016","52.14","52.14","52.14","52.14","","0.10%"
"12/27/2016","52.09","52.09","52.09","52.09","","0.25%"
"12/23/2016","51.96","51.96","51.96","51.96","","0.04%"
"12/22/2016","51.94","51.94","51.94","51.94","","0.46%"
"12/21/2016","51.70","51.70","51.70","51.70","","-0.48%"
"12/20/2016","51.95","51.95","51.95","51.95","","0.27%"
"12/19/2016","51.81","51.81","51.81","51.81","","-0.38%"
"12/16/2016","52.01","52.01","52.01","52.01","","0.95%"
"12/15/2016","51.52","51.52","51.52","51.52","","0.21%"
"12/14/2016","51.41","51.41","51.41","51.41","","-1.83%"
"12/13/2016","52.37","52.37","52.37","52.37","","0.21%"
"12/12/2016","52.26","52.26","52.26","52.26","","1.85%"
"12/09/2016","51.31","51.31","51.31","51.31","","0.63%"
"12/08/2016","50.99","50.99","50.99","50.99","","1.27%"
"12/07/2016","50.35","50.35","50.35","50.35","","-1.33%"
"12/06/2016","51.03","51.03","51.03","51.03","","-0.93%"
"12/05/2016","51.51","51.51","51.51","51.51","","0.94%"
"12/02/2016","51.03","51.03","51.03","51.03","","0.33%"
"12/01/2016","50.86","50.86","50.86","50.86","","15.93%"
"11/30/2016","43.87","43.87","43.87","43.87","","-0.02%"
"11/29/2016","43.88","43.88","43.88","43.88","","-0.32%"
"11/28/2016","44.02","44.02","44.02","44.02","","0.16%"
"11/25/2016","43.95","43.95","43.95","43.95","","-0.45%"
"11/23/2016","44.15","44.15","44.15","44.15","","-0.09%"
"11/22/2016","44.19","44.19","44.19","44.19","","0.09%"
"11/21/2016","44.15","44.15","44.15","44.15","","1.54%"
"11/18/2016","43.48","43.48","43.48","43.48","","0.42%"
"11/17/2016","43.30","43.30","43.30","43.30","","-0.16%"
"11/16/2016","43.37","43.37","43.37","43.37","","-0.41%"
"11/15/2016","43.55","43.55","43.55","43.55","","2.88%"
"11/14/2016","42.33","42.33","42.33","42.33","","-0.28%"
"11/11/2016","42.45","42.45","42.45","42.45","","-1.37%"
"11/10/2016","43.04","43.04","43.04","43.04","","-0.78%"
"11/09/2016","43.38","43.38","43.38","43.38","","0.95%"
"11/08/2016","42.97","42.97","42.97","42.97","","-0.16%"
"11/07/2016","43.04","43.04","43.04","43.04","","1.15%"
"11/04/2016","42.55","42.55","42.55","42.55","","-1.34%"
"11/03/2016","43.13","43.13","43.13","43.13","","-1.12%"
"11/02/2016","43.62","43.62","43.62","43.62","","-2.37%"
"11/01/2016","44.68","44.68","44.68","44.68","","-0.53%"
"10/31/2016","44.92","44.92","44.92","44.92","","-8.38%"
"10/28/2016","49.03","49.03","49.03","49.03","","-0.06%"
"10/27/2016","49.06","49.06","49.06","49.06","","0.20%"
"10/26/2016","48.96","48.96","48.96","48.96","","-0.18%"
"10/25/2016","49.05","49.05","49.05","49.05","","-0.28%"
"10/24/2016","49.19","49.19","49.19","49.19","","-0.12%"
"10/21/2016","49.25","49.25","49.25","49.25","","0.35%"
"10/20/2016","49.08","49.08","49.08","49.08","0.20K","-0.87%"
"10/19/2016","49.51","49.51","49.51","49.51","","0.92%"
"10/18/2016","49.06","49.06","49.06","49.06","","-0.04%"
"10/17/2016","49.08","49.08","49.08","49.08","","-0.59%"
"10/14/2016","49.37","49.37","49.37","49.37","","0.18%"
"10/13/2016","49.28","49.28","49.28","49.28","","0.37%"
"10/12/2016","49.10","49.10","49.10","49.10","","-0.79%"
"10/11/2016","49.49","49.49","49.49","49.49","","-0.88%"
"10/10/2016","49.93","49.93","49.93","49.93","","1.75%"
"10/07/2016","49.07","49.07","49.07","49.07","","-0.71%"
"10/06/2016","49.42","49.42","49.42","49.42","","0.96%"
"10/05/2016","48.95","48.95","48.95","48.95","","1.66%"
"10/04/2016","48.15","48.15","48.15","48.15","","0.29%"
"10/03/2016","48.01","48.01","48.01","48.01","","10.62%"
"09/29/2016","43.40","43.40","43.40","43.40","","0.02%"
"09/28/2016","43.39","43.39","43.39","43.39","","0.58%"
"09/27/2016","43.14","43.14","43.14","43.14","","-0.60%"
"09/26/2016","43.40","43.40","43.40","43.40","","0.60%"
"09/23/2016","43.14","43.14","43.14","43.14","","-1.03%"
"09/22/2016","43.59","43.59","43.59","43.59","","0.60%"
"09/21/2016","43.33","43.33","43.33","43.33","","0.81%"
"09/20/2016","42.98","42.98","42.98","42.98","0.20K","-0.07%"
"09/19/2016","43.01","43.01","43.01","43.01","","0.19%"
"09/16/2016","42.93","42.93","42.93","42.93","","-0.83%"
"09/15/2016","43.29","43.29","43.29","43.29","","1.00%"
"09/14/2016","42.86","42.86","42.86","42.86","","-1.63%"
"09/13/2016","43.57","43.57","43.57","43.57","","-2.94%"
"09/12/2016","44.89","44.89","44.89","44.89","","1.77%"
"09/09/2016","44.11","44.11","44.11","44.11","","-2.91%"
"09/08/2016","45.43","45.43","45.43","45.43","","2.97%"
"09/07/2016","44.12","44.12","44.12","44.12","","1.36%"
"09/06/2016","43.53","43.53","43.53","43.53","","0.83%"
"09/02/2016","43.17","43.17","43.17","43.17","","3.06%"
"09/01/2016","41.89","41.89","41.89","41.89","","-4.14%"
"08/31/2016","43.70","43.70","43.70","43.70","","-0.05%"
"08/30/2016","43.72","43.72","43.72","43.72","","-0.05%"
"08/29/2016","43.74","43.74","43.74","43.74","","-0.23%"
"08/26/2016","43.84","43.84","43.84","43.84","","0.05%"
"08/25/2016","43.82","43.82","43.82","43.82","","0.27%"
"08/24/2016","43.70","43.70","43.70","43.70","","-0.59%"
"08/23/2016","43.96","43.96","43.96","43.96","","0.34%"
"08/22/2016","43.81","43.81","43.81","43.81","","-1.44%"
"08/19/2016","44.45","44.45","44.45","44.45","","-0.11%"
"08/18/2016","44.50","44.50","44.50","44.50","","0.77%"
"08/17/2016","44.16","44.16","44.16","44.16","","0.73%"
"08/16/2016","43.84","43.84","43.84","43.84","","1.32%"
"08/15/2016","43.27","43.27","43.27","43.27","","1.76%"
"08/12/2016","42.52","42.52","42.52","42.52","","1.31%"
"08/11/2016","41.97","41.97","41.97","41.97","","3.12%"
"08/10/2016","40.70","40.70","40.70","40.70","","-1.14%"
"08/09/2016","41.17","41.17","41.17","41.17","","-1.08%"
"08/08/2016","41.62","41.62","41.62","41.62","","2.21%"
"08/05/2016","40.72","40.72","40.72","40.72","","-0.34%"
"08/04/2016","40.86","40.86","40.86","40.86","","2.77%"
"08/03/2016","39.76","39.76","39.76","39.76","","2.79%"
"08/02/2016","38.68","38.68","38.68","38.68","","-0.62%"
"08/01/2016","38.92","38.92","38.92","38.92","","-8.45%"
"07/28/2016","42.51","42.51","42.51","42.51","","0.00%"
"07/27/2016","42.51","42.51","42.51","42.51","","-0.12%"
"07/26/2016","42.56","42.56","42.56","42.56","","-0.07%"
"07/25/2016","42.59","42.59","42.59","42.59","","-0.42%"
"07/22/2016","42.77","42.77","42.77","42.77","","-0.95%"
"07/21/2016","43.18","43.18","43.18","43.18","","-0.21%"
"07/20/2016","43.27","43.27","43.27","43.27","","0.49%"
"07/19/2016","43.06","43.06","43.06","43.06","","-0.28%"
"07/18/2016","43.18","43.18","43.18","43.18","","-1.12%"
"07/15/2016","43.67","43.67","43.67","43.67","","0.34%"
"07/14/2016","43.52","43.52","43.52","43.52","","1.63%"
"07/13/2016","42.82","42.82","42.82","42.82","","-3.32%"
"07/12/2016","44.29","44.29","44.29","44.29","","3.38%"
"07/11/2016","42.84","42.84","42.84","42.84","","-0.70%"
"07/08/2016","43.14","43.14","43.14","43.14","","0.96%"
"07/07/2016","42.73","42.73","42.73","42.73","","-4.47%"
"07/06/2016","44.73","44.73","44.73","44.73","","1.61%"
"07/05/2016","44.02","44.02","44.02","44.02","","-3.82%"
"07/01/2016","45.77","45.77","45.77","45.77","","-1.06%"
"06/30/2016","46.26","46.26","46.26","46.26","","-0.11%"
"06/29/2016","46.31","46.31","46.31","46.31","","0.26%"
"06/28/2016","46.19","46.19","46.19","46.19","","0.35%"
"06/27/2016","46.03","46.03","46.03","46.03","","-0.28%"
"06/24/2016","46.16","46.16","46.16","46.16","","-1.01%"
"06/23/2016","46.63","46.63","46.63","46.63","","0.54%"
"06/22/2016","46.38","46.38","46.38","46.38","","-0.49%"
"06/21/2016","46.61","46.61","46.61","46.61","","-0.17%"
"06/20/2016","46.69","46.69","46.69","46.69","","1.19%"
"06/17/2016","46.14","46.14","46.14","46.14","0.40K","1.70%"
"06/16/2016","45.37","45.37","45.37","45.37","","-1.80%"
"06/15/2016","46.20","46.20","46.20","46.20","","-0.94%"
"06/14/2016","46.64","46.64","46.64","46.64","","-0.62%"
"06/13/2016","46.93","46.93","46.93","46.93","","-0.06%"
"06/10/2016","46.96","46.96","46.96","46.96","","-1.96%"
"06/09/2016","47.90","47.90","47.90","47.90","","-0.62%"
"06/08/2016","48.20","48.20","48.20","48.20","","1.92%"
"06/07/2016","47.29","47.29","47.29","47.29","","1.61%"
"06/06/2016","46.54","46.54","46.54","46.54","","1.11%"
"06/03/2016","46.03","46.03","46.03","46.03","","-0.71%"
"06/02/2016","46.36","46.36","46.36","46.36","","0.87%"
"06/01/2016","45.96","45.96","45.96","45.96","","3.82%"
"05/31/2016","44.27","44.27","44.27","44.27","","-0.09%"
"05/27/2016","44.31","44.31","44.31","44.31","","-0.07%"
"05/26/2016","44.34","44.34","44.34","44.34","","-0.11%"
"05/25/2016","44.39","44.39","44.39","44.39","","0.41%"
"05/24/2016","44.21","44.21","44.21","44.21","","0.11%"
"05/23/2016","44.16","44.16","44.16","44.16","","-0.27%"
"05/20/2016","44.28","44.28","44.28","44.28","","-0.11%"
"05/19/2016","44.33","44.33","44.33","44.33","","0.02%"
"05/18/2016","44.32","44.32","44.32","44.32","","-0.36%"
"05/17/2016","44.48","44.48","44.48","44.48","","0.47%"
"05/16/2016","44.27","44.27","44.27","44.27","","1.30%"
"05/13/2016","43.70","43.70","43.70","43.70","","-0.64%"
"05/12/2016","43.98","43.98","43.98","43.98","","0.71%"
"05/11/2016","43.67","43.67","43.67","43.67","","3.12%"
"05/10/2016","42.35","42.35","42.35","42.35","","3.37%"
"05/09/2016","40.97","40.97","40.97","40.97","","-3.10%"
"05/06/2016","42.28","42.28","42.28","42.28","","0.86%"
"05/05/2016","41.92","41.92","41.92","41.92","","0.29%"
"05/04/2016","41.80","41.80","41.80","41.80","","-0.19%"
"05/03/2016","41.88","41.88","41.88","41.88","","-1.34%"
"05/02/2016","42.45","42.45","42.45","42.45","","8.76%"
"04/29/2016","39.03","39.03","39.03","39.03","","0.08%"
"04/28/2016","39.00","39.00","39.00","39.00","","0.08%"
"04/27/2016","38.97","38.97","38.97","38.97","","0.44%"
"04/26/2016","38.80","38.80","38.80","38.80","","0.44%"
"04/25/2016","38.63","38.63","38.63","38.63","","-0.34%"
"04/22/2016","38.76","38.76","38.76","38.76","","0.49%"
"04/21/2016","38.57","38.57","38.57","38.57","","-0.92%"
"04/20/2016","38.93","38.93","38.93","38.93","","1.59%"
"04/19/2016","38.32","38.32","38.32","38.32","","1.00%"
"04/18/2016","37.94","37.94","37.94","37.94","","-0.26%"
"04/15/2016","38.04","38.04","38.04","38.04","","-1.17%"
"04/14/2016","38.49","38.49","38.49","38.49","","-0.39%"
"04/13/2016","38.64","38.64","38.64","38.64","","-1.00%"
"04/12/2016","39.03","39.03","39.03","39.03","","3.45%"
"04/11/2016","37.73","37.73","37.73","37.73","","1.59%"
"04/08/2016","37.14","37.14","37.14","37.14","","4.94%"
"04/07/2016","35.39","35.39","35.39","35.39","","-0.95%"
"04/06/2016","35.73","35.73","35.73","35.73","","4.63%"
"04/05/2016","34.15","34.15","34.15","34.15","","0.29%"
"04/04/2016","34.05","34.05","34.05","34.05","","-1.99%"
"04/01/2016","34.74","34.74","34.74","34.74","","-1.14%"
"03/31/2016","35.14","35.14","35.14","35.14","","-0.11%"
"03/30/2016","35.18","35.18","35.18","35.18","","0.20%"
"03/29/2016","35.11","35.11","35.11","35.11","","-0.31%"
"03/28/2016","35.22","35.22","35.22","35.22","","-0.03%"
"03/24/2016","35.23","35.23","35.23","35.23","","-0.23%"
"03/23/2016","35.31","35.31","35.31","35.31","","-1.29%"
"03/22/2016","35.77","35.77","35.77","35.77","","0.25%"
"03/21/2016","35.68","35.68","35.68","35.68","","0.34%"
"03/18/2016","35.56","35.56","35.56","35.56","","-0.14%"
"03/17/2016","35.61","35.61","35.61","35.61","","1.66%"
"03/16/2016","35.03","35.03","35.03","35.03","","2.52%"
"03/15/2016","34.17","34.17","34.17","34.17","","-0.99%"
"03/14/2016","34.51","34.51","34.51","34.51","","-1.37%"
"03/11/2016","34.99","34.99","34.99","34.99","","1.13%"
"03/10/2016","34.60","34.60","34.60","34.60","","-1.87%"
"03/09/2016","35.26","35.26","35.26","35.26","","2.59%"
"03/08/2016","34.37","34.37","34.37","34.37","","-2.83%"
"03/07/2016","35.37","35.37","35.37","35.37","","5.11%"
"03/04/2016","33.65","33.65","33.65","33.65","","4.18%"
"03/03/2016","32.30","32.30","32.30","32.30","","0.62%"
"03/02/2016","32.10","32.10","32.10","32.10","","-0.22%"
"03/01/2016","32.17","32.17","32.17","32.17","","9.80%"
"02/29/2016","29.30","29.30","29.30","29.30","","-0.20%"
"02/26/2016","29.36","29.36","29.36","29.36","","0.34%"
"02/25/2016","29.26","29.26","29.26","29.26","","-0.31%"
"02/24/2016","29.35","29.35","29.35","29.35","","0.17%"
"02/23/2016","29.30","29.30","29.30","29.30","","-0.88%"
"02/22/2016","29.56","29.56","29.56","29.56","","1.30%"
"02/19/2016","29.18","29.18","29.18","29.18","","-1.25%"
"02/18/2016","29.55","29.55","29.55","29.55","","-0.07%"
"02/17/2016","29.57","29.57","29.57","29.57","","3.72%"
"02/16/2016","28.51","28.51","28.51","28.51","","-1.49%"
"02/12/2016","28.94","28.94","28.94","28.94","","7.54%"
"02/11/2016","26.91","26.91","26.91","26.91","","-2.04%"
"02/10/2016","27.47","27.47","27.47","27.47","","-8.65%"
"02/09/2016","30.07","30.07","30.07","30.07","","0.00%"
"02/08/2016","30.07","30.07","30.07","30.07","","0.00%"
"02/05/2016","30.07","30.07","30.07","30.07","","-1.09%"
"02/04/2016","30.40","30.40","30.40","30.40","","-1.71%"
"02/03/2016","30.93","30.93","30.93","30.93","","8.60%"
"02/02/2016","28.48","28.48","28.48","28.48","","-4.91%"
"02/01/2016","29.95","29.95","29.95","29.95","","11.71%"
"01/29/2016","26.81","26.81","26.81","26.81","","0.07%"
"01/28/2016","26.79","26.79","26.79","26.79","","0.30%"
"01/27/2016","26.71","26.71","26.71","26.71","","0.41%"
"01/26/2016","26.60","26.60","26.60","26.60","","0.83%"
"01/25/2016","26.38","26.38","26.38","26.38","","-1.27%"
"01/22/2016","26.72","26.72","26.72","26.72","","2.69%"
"01/21/2016","26.02","26.02","26.02","26.02","","1.76%"
"01/20/2016","25.57","25.57","25.57","25.57","","-1.96%"
"01/19/2016","26.08","26.08","26.08","26.08","","-1.02%"
"01/15/2016","26.35","26.35","26.35","26.35","","-3.30%"
"01/14/2016","27.25","27.25","27.25","27.25","","0.85%"
"01/13/2016","27.02","27.02","27.02","27.02","","-1.13%"
"01/12/2016","27.33","27.33","27.33","27.33","","-1.90%"
"01/11/2016","27.86","27.86","27.86","27.86","","-4.46%"
"01/08/2016","29.16","29.16","29.16","29.16","","0.55%"
"01/07/2016","29.00","29.00","29.00","29.00","","0.03%"
"01/06/2016","28.99","28.99","28.99","28.99","","-6.03%"
"01/05/2016","30.85","30.85","30.85","30.85","","-3.89%"
"01/04/2016","32.10","32.10","32.10","32.10","","-7.20%"
"12/31/2015","34.59","34.59","34.59","34.59","","0.06%"
"12/30/2015","34.57","34.57","34.57","34.57","","-0.26%"
"12/29/2015","34.66","34.66","34.66","34.66","","0.23%"
"12/28/2015","34.58","34.58","34.58","34.58","","-0.43%"
"12/24/2015","34.73","34.73","34.73","34.73","","0.35%"
"12/23/2015","34.61","34.61","34.61","34.61","","0.67%"
"12/22/2015","34.38","34.38","34.38","34.38","","0.17%"
"12/21/2015","34.32","34.32","34.32","34.32","","-0.78%"
"12/18/2015","34.59","34.59","34.59","34.59","","-0.17%"
"12/17/2015","34.65","34.65","34.65","34.65","","-0.52%"
"12/16/2015","34.83","34.83","34.83","34.83","","-1.42%"
"12/15/2015","35.33","35.33","35.33","35.33","","0.00%"
"12/14/2015","35.33","35.33","35.33","35.33","","-0.28%"
"12/11/2015","35.43","35.43","35.43","35.43","","-2.18%"
"12/10/2015","36.22","36.22","36.22","36.22","","0.03%"
"12/09/2015","36.21","36.21","36.21","36.21","","-0.28%"
"12/08/2015","36.31","36.31","36.31","36.31","","-1.01%"
"12/07/2015","36.68","36.68","36.68","36.68","","-5.78%"
"12/04/2015","38.93","38.93","38.93","38.93","","-2.26%"
"12/03/2015","39.83","39.83","39.83","39.83","","3.24%"
"12/02/2015","38.58","38.58","38.58","38.58","","-4.67%"
"12/01/2015","40.47","40.47","40.47","40.47","","-2.93%"
"11/30/2015","41.69","41.69","41.69","41.69","","-0.02%"
"11/27/2015","41.70","41.70","41.70","41.70","","-0.55%"
"11/25/2015","41.93","41.93","41.93","41.93","","-0.02%"
"11/24/2015","41.94","41.94","41.94","41.94","","0.55%"
"11/23/2015","41.71","41.71","41.71","41.71","","-0.17%"
"11/20/2015","41.78","41.78","41.78","41.78","","0.31%"
"11/19/2015","41.65","41.65","41.65","41.65","","0.24%"
"11/18/2015","41.55","41.55","41.55","41.55","","0.61%"
"11/17/2015","41.30","41.30","41.30","41.30","","-1.01%"
"11/16/2015","41.72","41.72","41.72","41.72","","-0.93%"
"11/13/2015","42.11","42.11","42.11","42.11","","-1.03%"
"11/12/2015","42.55","42.55","42.55","42.55","","-1.78%"
"11/11/2015","43.32","43.32","43.32","43.32","","-2.28%"
"11/10/2015","44.33","44.33","44.33","44.33","","0.38%"
"11/09/2015","44.16","44.16","44.16","44.16","","-0.54%"
"11/06/2015","44.40","44.40","44.40","44.40","","-0.67%"
"11/05/2015","44.70","44.70","44.70","44.70","","-1.28%"
"11/04/2015","45.28","45.28","45.28","45.28","","-3.70%"
"11/03/2015","47.02","47.02","47.02","47.02","","3.34%"
"11/02/2015","45.50","45.50","45.50","45.50","","-0.74%"
"10/30/2015","45.84","45.84","45.84","45.84","","-0.17%"
"10/29/2015","45.92","45.92","45.92","45.92","","-0.09%"
"10/28/2015","45.96","45.96","45.96","45.96","","0.57%"
"10/27/2015","45.70","45.70","45.70","45.70","","-0.20%"
"10/26/2015","45.79","45.79","45.79","45.79","","-0.24%"
"10/23/2015","45.90","45.90","45.90","45.90","","-0.07%"
"10/22/2015","45.93","45.93","45.93","45.93","","0.02%"
"10/21/2015","45.92","45.92","45.92","45.92","","-0.33%"
"10/20/2015","46.07","46.07","46.07","46.07","","-0.35%"
"10/19/2015","46.23","46.23","46.23","46.23","","-1.93%"
"10/16/2015","47.14","47.14","47.14","47.14","","0.47%"
"10/15/2015","46.92","46.92","46.92","46.92","","0.19%"
"10/14/2015","46.83","46.83","46.83","46.83","","-0.06%"
"10/13/2015","46.86","46.86","46.86","46.86","","-0.62%"
"10/12/2015","47.15","47.15","47.15","47.15","","-3.32%"
"10/09/2015","48.77","48.77","48.77","48.77","","-0.91%"
"10/08/2015","49.22","49.22","49.22","49.22","","2.41%"
"10/07/2015","48.06","48.06","48.06","48.06","","-1.29%"
"10/06/2015","48.69","48.69","48.69","48.69","","4.84%"
"10/05/2015","46.44","46.44","46.44","46.44","","2.43%"
"10/02/2015","45.34","45.34","45.34","45.34","","-0.90%"
"10/01/2015","45.75","45.75","45.75","45.75","","0.82%"
"09/30/2015","45.38","45.38","45.38","45.38","","-0.02%"
"09/29/2015","45.39","45.39","45.39","45.39","","0.11%"
"09/28/2015","45.34","45.34","45.34","45.34","","-0.31%"
"09/25/2015","45.48","45.48","45.48","45.48","","0.02%"
"09/24/2015","45.47","45.47","45.47","45.47","","0.20%"
"09/23/2015","45.38","45.38","45.38","45.38","","-0.70%"
"09/22/2015","45.70","45.70","45.70","45.70","","0.02%"
"09/21/2015","45.69","45.69","45.69","45.69","","1.22%"
"09/18/2015","45.14","45.14","45.14","45.14","","-1.18%"
"09/17/2015","45.68","45.68","45.68","45.68","","-0.46%"
"09/16/2015","45.89","45.89","45.89","45.89","","0.95%"
"09/15/2015","45.46","45.46","45.46","45.46","","-0.22%"
"09/14/2015","45.56","45.56","45.56","45.56","","-2.06%"
"09/11/2015","46.52","46.52","46.52","46.52","","-1.06%"
"09/10/2015","47.02","47.02","47.02","47.02","","2.06%"
"09/09/2015","46.07","46.07","46.07","46.07","","-2.68%"
"09/08/2015","47.34","47.34","47.34","47.34","","-0.50%"
"09/04/2015","47.58","47.58","47.58","47.58","","-2.00%"
"09/03/2015","48.55","48.55","48.55","48.55","","0.60%"
"09/02/2015","48.26","48.26","48.26","48.26","","1.41%"
"09/01/2015","47.59","47.59","47.59","47.59","","-9.71%"
"08/31/2015","52.71","52.71","52.71","52.71","","10.39%"
"08/28/2015","47.75","47.75","47.75","47.75","","0.27%"
"08/27/2015","47.62","47.62","47.62","47.62","","1.15%"
"08/26/2015","47.08","47.08","47.08","47.08","","0.06%"
"08/25/2015","47.05","47.05","47.05","47.05","","0.41%"
"08/24/2015","46.86","46.86","46.86","46.86","","-1.74%"
"08/21/2015","47.69","47.69","47.69","47.69","","-1.08%"
"08/20/2015","48.21","48.21","48.21","48.21","","-0.35%"
"08/19/2015","48.38","48.38","48.38","48.38","","-1.51%"
"08/18/2015","49.12","49.12","49.12","49.12","","-0.37%"
"08/17/2015","49.30","49.30","49.30","49.30","","-0.60%"
"08/14/2015","49.60","49.60","49.60","49.60","","-0.48%"
"08/13/2015","49.84","49.84","49.84","49.84","","-0.84%"
"08/12/2015","50.26","50.26","50.26","50.26","","1.39%"
"08/11/2015","49.57","49.57","49.57","49.57","","-2.13%"
"08/10/2015","50.65","50.65","50.65","50.65","","1.79%"
"08/07/2015","49.76","49.76","49.76","49.76","","-0.34%"
"08/06/2015","49.93","49.93","49.93","49.93","","-0.04%"
"08/05/2015","49.95","49.95","49.95","49.95","","-0.28%"
"08/04/2015","50.09","50.09","50.09","50.09","","1.15%"
"08/03/2015","49.52","49.52","49.52","49.52","","-11.84%"
"07/30/2015","56.17","56.17","56.17","56.17","","0.09%"
"07/29/2015","56.12","56.12","56.12","56.12","","0.02%"
"07/28/2015","56.11","56.11","56.11","56.11","","0.05%"
"07/27/2015","56.08","56.08","56.08","56.08","","-0.32%"
"07/24/2015","56.26","56.26","56.26","56.26","","-0.20%"
"07/23/2015","56.37","56.37","56.37","56.37","","-0.39%"
"07/22/2015","56.59","56.59","56.59","56.59","","-0.44%"
"07/21/2015","56.84","56.84","56.84","56.84","","0.25%"
"07/20/2015","56.70","56.70","56.70","56.70","","-0.46%"
"07/17/2015","56.96","56.96","56.96","56.96","","0.21%"
"07/16/2015","56.84","56.84","56.84","56.84","","-0.23%"
"07/15/2015","56.97","56.97","56.97","56.97","","-1.79%"
"07/14/2015","58.01","58.01","58.01","58.01","","0.19%"
"07/13/2015","57.90","57.90","57.90","57.90","","-0.86%"
"07/10/2015","58.40","58.40","58.40","58.40","","0.24%"
"07/09/2015","58.26","58.26","58.26","58.26","","1.80%"
"07/08/2015","57.23","57.23","57.23","57.23","","0.72%"
"07/07/2015","56.82","56.82","56.82","56.82","","0.83%"
"07/06/2015","56.35","56.35","56.35","56.35","","-7.85%"
"07/02/2015","61.15","61.15","61.15","61.15","","-0.15%"
"07/01/2015","61.24","61.24","61.24","61.24","","-0.89%"
"06/30/2015","61.79","61.79","61.79","61.79","","0.05%"
"06/29/2015","61.76","61.76","61.76","61.76","","-0.24%"
"06/26/2015","61.91","61.91","61.91","61.91","","0.05%"
"06/25/2015","61.88","61.88","61.88","61.88","","-0.02%"
"06/24/2015","61.89","61.89","61.89","61.89","","-0.19%"
"06/23/2015","62.01","62.01","62.01","62.01","","0.50%"
"06/22/2015","61.70","61.70","61.70","61.70","","0.24%"
"06/19/2015","61.55","61.55","61.55","61.55","","-0.87%"
"06/18/2015","62.09","62.09","62.09","62.09","","0.26%"
"06/17/2015","61.93","61.93","61.93","61.93","","0.34%"
"06/16/2015","61.72","61.72","61.72","61.72","","-0.48%"
"06/15/2015","62.02","62.02","62.02","62.02","","-0.66%"
"06/12/2015","62.43","62.43","62.43","62.43","","-1.00%"
"06/11/2015","63.06","63.06","63.06","63.06","","-0.16%"
"06/10/2015","63.16","63.16","63.16","63.16","","1.12%"
"06/09/2015","62.46","62.46","62.46","62.46","","2.38%"
"06/08/2015","61.01","61.01","61.01","61.01","","-1.04%"
"06/05/2015","61.65","61.65","61.65","61.65","","1.75%"
"06/04/2015","60.59","60.59","60.59","60.59","","-2.64%"
"06/03/2015","62.23","62.23","62.23","62.23","","-2.35%"
"06/02/2015","63.73","63.73","63.73","63.73","","1.05%"
"06/01/2015","63.07","63.07","63.07","63.07","","-0.77%"
"05/29/2015","63.56","63.56","63.56","63.56","","0.09%"
"05/28/2015","63.50","63.50","63.50","63.50","","0.19%"
"05/27/2015","63.38","63.38","63.38","63.38","","-0.19%"
"05/26/2015","63.50","63.50","63.50","63.50","","-0.30%"
"05/22/2015","63.69","63.69","63.69","63.69","","-0.61%"
"05/21/2015","64.08","64.08","64.08","64.08","","0.68%"
"05/20/2015","63.65","63.65","63.65","63.65","","0.89%"
"05/19/2015","63.09","63.09","63.09","63.09","","-1.88%"
"05/18/2015","64.30","64.30","64.30","64.30","","-0.43%"
"05/15/2015","64.58","64.58","64.58","64.58","","-0.11%"
"05/14/2015","64.65","64.65","64.65","64.65","","-0.40%"
"05/13/2015","64.91","64.91","64.91","64.91","","-0.06%"
"05/12/2015","64.95","64.95","64.95","64.95","","1.93%"
"05/11/2015","63.72","63.72","63.72","63.72","","-0.39%"
"05/08/2015","63.97","63.97","63.97","63.97","","0.11%"
"05/07/2015","63.90","63.90","63.90","63.90","","-2.65%"
"05/06/2015","65.64","65.64","65.64","65.64","","0.78%"
"05/05/2015","65.13","65.13","65.13","65.13","","1.54%"
"05/04/2015","64.14","64.14","64.14","64.14","0.01K","-0.16%"
"05/01/2015","64.24","64.24","64.24","64.24","","9.72%"
"04/30/2015","58.55","58.55","58.55","58.55","","0.07%"
"04/29/2015","58.51","58.51","58.51","58.51","","0.12%"
"04/28/2015","58.44","58.44","58.44","58.44","","-0.03%"
"04/27/2015","58.46","58.46","58.46","58.46","","0.03%"
"04/24/2015","58.44","58.44","58.44","58.44","","0.09%"
"04/23/2015","58.39","58.39","58.39","58.39","","0.76%"
"04/22/2015","57.95","57.95","57.95","57.95","","0.38%"
"04/21/2015","57.73","57.73","57.73","57.73","","-1.18%"
"04/20/2015","58.42","58.42","58.42","58.42","","-0.02%"
"04/17/2015","58.43","58.43","58.43","58.43","","-0.53%"
"04/16/2015","58.74","58.74","58.74","58.74","","-0.10%"
"04/15/2015","58.80","58.80","58.80","58.80","","3.30%"
"04/14/2015","56.92","56.92","56.92","56.92","","1.16%"
"04/13/2015","56.27","56.27","56.27","56.27","","0.50%"
"04/10/2015","55.99","55.99","55.99","55.99","","1.95%"
"04/09/2015","54.92","54.92","54.92","54.92","","1.65%"
"04/08/2015","54.03","54.03","54.03","54.03","","-5.21%"
"04/07/2015","57.00","57.00","57.00","57.00","","1.35%"
"04/06/2015","56.24","56.24","56.24","56.24","","2.57%"
"04/03/2015","54.83","54.83","54.83","54.83","","0.00%"
"04/02/2015","54.83","54.83","54.83","54.83","0.01K","-1.15%"
"04/01/2015","55.47","55.47","55.47","55.47","0.01K","1.48%"
"03/31/2015","54.66","54.66","54.66","54.66","","0.04%"
"03/30/2015","54.64","54.64","54.64","54.64","","-0.09%"
"03/27/2015","54.69","54.69","54.69","54.69","","-0.62%"
"03/26/2015","55.03","55.03","55.03","55.03","","0.82%"
"03/25/2015","54.58","54.58","54.58","54.58","","0.46%"
"03/24/2015","54.33","54.33","54.33","54.33","","-0.26%"
"03/23/2015","54.47","54.47","54.47","54.47","","0.28%"
"03/20/2015","54.32","54.32","54.32","54.32","","0.84%"
"03/19/2015","53.87","53.87","53.87","53.87","","-1.28%"
"03/18/2015","54.57","54.57","54.57","54.57","","1.83%"
"03/17/2015","53.59","53.59","53.59","53.59","","-0.65%"
"03/16/2015","53.94","53.94","53.94","53.94","","-0.77%"
"03/13/2015","54.36","54.36","54.36","54.36","","-2.12%"
"03/12/2015","55.54","55.54","55.54","55.54","","-0.66%"
"03/11/2015","55.91","55.91","55.91","55.91","","1.47%"
"03/10/2015","55.10","55.10","55.10","55.10","","-2.70%"
"03/09/2015","56.63","56.63","56.63","56.63","","-1.36%"
"03/06/2015","57.41","57.41","57.41","57.41","","-0.78%"
"03/05/2015","57.86","57.86","57.86","57.86","","-0.48%"
"03/04/2015","58.14","58.14","58.14","58.14","","-0.90%"
"03/03/2015","58.67","58.67","58.67","58.67","","2.88%"
"03/02/2015","57.03","57.03","57.03","57.03","","2.87%"
"02/27/2015","55.44","55.44","55.44","55.44","","0.20%"
"02/26/2015","55.33","55.33","55.33","55.33","","-0.23%"
"02/25/2015","55.46","55.46","55.46","55.46","","0.67%"
"02/24/2015","55.09","55.09","55.09","55.09","","-0.27%"
"02/23/2015","55.24","55.24","55.24","55.24","","-1.74%"
"02/20/2015","56.22","56.22","56.22","56.22","","0.00%"
"02/19/2015","56.22","56.22","56.22","56.22","","0.00%"
"02/18/2015","56.22","56.22","56.22","56.22","","0.05%"
"02/17/2015","56.19","56.19","56.19","56.19","","0.61%"
"02/13/2015","55.85","55.85","55.85","55.85","","1.14%"
"02/12/2015","55.22","55.22","55.22","55.22","","3.64%"
"02/11/2015","53.28","53.28","53.28","53.28","","-0.97%"
"02/10/2015","53.80","53.80","53.80","53.80","","-1.91%"
"02/09/2015","54.85","54.85","54.85","54.85","","0.68%"
"02/06/2015","54.48","54.48","54.48","54.48","","1.53%"
"02/05/2015","53.66","53.66","53.66","53.66","","-0.70%"
"02/04/2015","54.04","54.04","54.04","54.04","","2.17%"
"02/03/2015","52.89","52.89","52.89","52.89","","1.32%"
"02/02/2015","52.20","52.20","52.20","52.20","","14.55%"
"01/30/2015","45.57","45.57","45.57","45.57","","0.00%"
"01/29/2015","45.57","45.57","45.57","45.57","","0.09%"
"01/28/2015","45.53","45.53","45.53","45.53","","-0.24%"
"01/27/2015","45.64","45.64","45.64","45.64","","0.48%"
"01/26/2015","45.42","45.42","45.42","45.42","","-0.22%"
"01/23/2015","45.52","45.52","45.52","45.52","","0.26%"
"01/22/2015","45.40","45.40","45.40","45.40","","-0.31%"
"01/21/2015","45.54","45.54","45.54","45.54","","0.55%"
"01/20/2015","45.29","45.29","45.29","45.29","","-1.80%"
"01/16/2015","46.12","46.12","46.12","46.12","","1.18%"
"01/15/2015","45.58","45.58","45.58","45.58","","-1.98%"
"01/14/2015","46.50","46.50","46.50","46.50","","2.51%"
"01/13/2015","45.36","45.36","45.36","45.36","","-1.28%"
"01/12/2015","45.95","45.95","45.95","45.95","","-3.69%"
"01/09/2015","47.71","47.71","47.71","47.71","","-0.62%"
"01/08/2015","48.01","48.01","48.01","48.01","","-0.46%"
"01/07/2015","48.23","48.23","48.23","48.23","","0.10%"
"01/06/2015","48.18","48.18","48.18","48.18","","-2.63%"
"01/05/2015","49.48","49.48","49.48","49.48","","-7.86%"
"01/02/2015","53.70","53.70","53.70","53.70","","-10.66%"
"12/31/2014","60.11","60.11","60.11","60.11","","-0.07%"
"12/30/2014","60.15","60.15","60.15","60.15","","-0.15%"
"12/29/2014","60.24","60.24","60.24","60.24","","-0.28%"