Date,Total Compound Score,Avg Classification,Scaled Total Compound Score
20150101,-0.95,-1.0,-0.1
20150102,0.12,0.0,-0.01
20150103,0.12,0.0,-0.01
20150104,-2.2,-0.67,-0.21
20150105,-1.83,-0.2,-0.17
20150106,-0.61,0.09,-0.07
20150107,-5.08,-0.6,-0.46
20150108,2.88,0.27,0.23
20150109,-0.07,-0.33,-0.02
20150110,-0.07,-0.33,-0.02
20150111,-1.62,-0.33,-0.16
20150112,-7.62,-0.82,-0.68
20150113,-3.38,-0.27,-0.31
20150114,-3.45,-0.45,-0.31
20150115,2.48,0.27,0.2
20150116,1.98,0.5,0.15
20150117,1.98,0.5,0.15
20150118,-3.95,-0.71,-0.36
20150119,-5.34,-0.54,-0.48
20150120,-2.24,-0.4,-0.21
20150121,1.39,0.11,0.1
20150122,-1.74,-0.14,-0.17
20150123,0.38,0.0,0.02
20150124,0.38,0.0,0.02
20150125,-1.94,-0.33,-0.18
20150126,-2.72,-0.25,-0.25
20150127,-1.45,-0.2,-0.14
20150128,-2.66,-0.33,-0.25
20150129,-2.52,-0.33,-0.23
20150130,0.95,0.33,0.07
20150131,0.87,1.0,0.06
20150201,-5.74,-0.75,-0.51
20150202,-5.3,-0.75,-0.47
20150203,2.83,0.33,0.23
20150204,-1.68,-0.4,-0.16
20150205,-1.41,-0.2,-0.14
20150206,1.96,1.0,0.15
20150207,1.96,1.0,0.15
20150208,0.08,0.0,-0.01
20150209,0.49,0.17,0.03
20150210,-0.88,0.0,-0.09
20150211,0.0,0.0,-0.02
20150212,1.94,0.33,0.15
20150213,1.14,0.5,0.08
20150214,1.14,0.5,0.08
20150215,-2.21,-0.67,-0.21
20150216,1.63,0.0,0.12
20150217,-1.89,-0.33,-0.18
20150218,-4.29,-0.56,-0.39
20150219,0.9,0.17,0.06
20150220,-1.93,-1.0,-0.18
20150221,-1.93,-1.0,-0.18
20150222,-3.64,-0.67,-0.33
20150223,0.06,0.09,-0.01
20150224,2.05,0.2,0.16
20150225,1.4,0.08,0.1
20150226,0.29,0.0,0.01
20150227,2.66,1.0,0.21
20150228,2.66,1.0,0.21
20150301,-1.98,-0.33,-0.19
20150302,2.25,0.09,0.18
20150303,2.7,0.2,0.22
20150304,-0.19,0.0,-0.03
20150305,0.75,0.09,0.05
20150306,0.2,0.0,0.0
20150307,0.2,0.0,0.0
20150308,-1.83,-0.33,-0.17
20150309,-0.69,0.0,-0.08
20150310,-4.55,-0.4,-0.41
20150311,3.37,0.23,0.27
20150312,4.54,0.4,0.38
20150313,0.35,0.2,0.01
20150314,1.0,1.0,0.07
20150315,-2.24,-0.67,-0.21
20150316,0.81,0.08,0.05
20150317,-2.87,-0.23,-0.26
20150318,-4.21,-0.38,-0.38
20150319,-0.89,-0.17,-0.09
20150320,1.27,0.2,0.09
20150321,1.27,0.2,0.09
20150322,-1.74,-0.25,-0.17
20150323,3.55,0.23,0.29
20150324,1.56,0.07,0.12
20150325,3.45,0.33,0.28
20150326,3.2,0.27,0.26
20150327,-1.95,-0.5,-0.19
20150328,-1.95,-0.5,-0.19
20150329,-4.21,-1.0,-0.38
20150330,-1.36,-0.08,-0.13
20150331,-4.53,-0.43,-0.41
20150401,1.03,0.17,0.07
20150402,0.09,0.09,-0.01
20150403,0.09,0.09,-0.01
20150404,0.09,0.09,-0.01
20150405,-0.43,-0.33,-0.05
20150406,2.43,0.27,0.19
20150407,-3.15,-0.17,-0.29
20150408,-3.98,-0.14,-0.36
20150409,-1.76,-0.6,-0.17
20150410,-0.46,0.0,-0.06
20150411,-0.46,0.0,-0.06
20150412,-2.5,-0.33,-0.23
20150413,-1.73,-0.07,-0.17
20150414,0.67,0.07,0.04
20150415,6.23,0.5,0.52
20150416,-1.12,-0.2,-0.11
20150417,0.86,0.0,0.06
20150418,0.86,0.0,0.06
20150419,-0.13,0.0,-0.03
20150420,-3.83,-0.33,-0.35
20150421,-1.94,-0.27,-0.18
20150422,-4.89,-0.6,-0.44
20150423,-4.86,-1.0,-0.44
20150424,-0.01,0.0,-0.02
20150425,-0.01,0.0,-0.02
20150426,-0.42,-0.43,-0.05
20150427,0.51,0.09,0.03
20150428,-0.34,0.0,-0.05
20150429,-6.3,-0.64,-0.56
20150430,-3.3,-0.33,-0.3
20150501,-2.12,-1.0,-0.2
20150502,-2.12,-1.0,-0.2
20150503,-5.75,-0.75,-0.51
20150504,-0.88,-0.09,-0.09
20150505,5.55,0.5,0.46
20150506,-1.04,-0.09,-0.11
20150507,-4.52,-0.5,-0.41
20150508,1.76,0.5,0.14
20150509,1.76,0.5,0.14
20150510,-3.13,-0.67,-0.29
20150511,-5.77,-0.54,-0.52
20150512,5.87,0.64,0.49
20150513,-4.07,-0.33,-0.37
20150514,-0.44,0.0,-0.05
20150515,-3.2,-1.0,-0.29
20150516,-3.2,-1.0,-0.29
20150517,1.03,0.5,0.07
20150518,-0.97,-0.17,-0.1
20150519,-4.21,-0.33,-0.38
20150520,0.87,0.09,0.06
20150521,4.58,0.45,0.38
20150522,3.44,0.67,0.28
20150523,3.44,0.67,0.28
20150524,0.92,1.0,0.06
20150525,0.3,0.0,0.01
20150526,-6.37,-0.64,-0.57
20150527,0.49,0.09,0.03
20150528,-4.93,-0.54,-0.44
20150529,-1.73,-0.6,-0.17
20150530,-1.73,-0.6,-0.17
20150531,-1.57,-0.25,-0.15
20150601,-3.08,-0.33,-0.28
20150602,2.57,0.33,0.21
20150603,-5.06,-0.5,-0.45
20150604,-8.09,-0.67,-0.72
20150605,-1.45,-0.6,-0.14
20150606,0.96,1.0,0.07
20150607,-3.85,-0.67,-0.35
20150608,-1.08,-0.09,-0.11
20150609,5.81,0.64,0.49
20150610,3.53,0.33,0.29
20150611,-5.75,-0.54,-0.51
20150612,-0.54,-0.33,-0.06
20150613,-0.54,-0.33,-0.06
20150614,-0.66,0.0,-0.07
20150615,-1.23,-0.09,-0.12
20150616,0.04,0.0,-0.01
20150617,-2.47,-0.17,-0.23
20150618,2.78,0.23,0.22
20150619,0.27,0.2,0.01
20150620,0.27,0.2,0.01
20150621,-3.65,-0.67,-0.33
20150622,-2.82,-0.33,-0.26
20150623,6.47,0.64,0.54
20150624,-3.48,-0.33,-0.32
20150625,-3.94,-0.5,-0.36
20150626,-1.9,-0.5,-0.18
20150627,-1.9,-0.5,-0.18
20150628,-1.99,-0.33,-0.19
20150629,-2.49,-0.4,-0.23
20150630,-3.01,-0.29,-0.28
20150701,-6.73,-0.64,-0.6
20150702,0.97,0.14,0.07
20150703,0.09,0.0,-0.01
20150704,0.09,0.0,-0.01
20150705,-0.84,-0.5,-0.09
20150706,-4.66,-0.54,-0.42
20150707,-3.46,-0.38,-0.32
20150708,-1.52,-0.14,-0.15
20150709,0.76,0.09,0.05
20150710,-0.81,-0.5,-0.09
20150711,-0.81,-0.5,-0.09
20150712,-2.49,-0.43,-0.23
20150713,-5.21,-0.45,-0.47
20150714,-2.08,-0.33,-0.2
20150715,-1.51,-0.09,-0.15
20150716,-0.53,-0.09,-0.06
20150717,-2.85,-1.0,-0.26
20150718,-2.85,-1.0,-0.26
20150719,-3.67,-0.67,-0.33
20150720,-8.32,-0.69,-0.74
20150721,-0.62,-0.11,-0.07
20150722,-6.34,-0.5,-0.56
20150723,-0.18,0.0,-0.03
20150724,-2.0,-0.5,-0.19
20150725,-2.0,-0.5,-0.19
20150726,-1.53,-0.6,-0.15
20150727,-3.19,-0.4,-0.29
20150728,-4.53,-0.4,-0.41
20150729,1.74,0.2,0.13
20150730,-4.74,-0.4,-0.43
20150731,-1.67,-0.2,-0.16
20150801,-1.67,-0.2,-0.16
20150802,-3.08,-0.43,-0.28
20150803,-9.04,-0.83,-0.8
20150804,4.62,0.45,0.38
20150805,-2.55,-0.17,-0.24
20150806,-5.25,-0.5,-0.47
20150807,1.46,0.5,0.11
20150808,1.46,0.5,0.11
20150809,-3.06,-0.6,-0.28
20150810,5.45,0.6,0.45
20150811,-2.28,-0.33,-0.21
20150812,3.2,0.27,0.26
20150813,-4.84,-0.4,-0.43
20150814,0.62,0.33,0.04
20150815,0.62,0.33,0.04
20150816,-0.61,0.0,-0.07
20150817,-3.4,-0.5,-0.31
20150818,-3.5,-0.4,-0.32
20150819,0.44,0.0,0.02
20150820,1.09,0.09,0.08
20150821,1.93,0.5,0.15
20150822,1.93,0.5,0.15
20150823,-1.99,-0.33,-0.19
20150824,-5.38,-0.5,-0.48
20150825,2.97,0.33,0.24
20150826,-2.9,-0.25,-0.27
20150827,1.95,0.25,0.15
20150828,2.66,0.67,0.21
20150829,2.66,0.67,0.21
20150830,-2.57,-1.0,-0.24
20150831,-3.02,-0.4,-0.28
20150901,-2.41,-0.33,-0.23
20150902,-5.69,-0.5,-0.51
20150903,1.96,0.4,0.15
20150904,-3.54,-1.0,-0.32
20150905,-3.54,-1.0,-0.32
20150906,-2.88,-0.6,-0.27
20150907,-3.99,-0.5,-0.36
20150908,-2.96,-0.33,-0.27
20150909,-3.56,-0.4,-0.32
20150910,4.44,0.5,0.37
20150911,-1.96,-0.5,-0.19
20150912,-1.96,-0.5,-0.19
20150913,-0.91,-0.2,-0.1
20150914,0.59,0.2,0.03
20150915,2.55,0.6,0.2
20150916,6.4,1.0,0.54
20150917,0.52,0.0,0.03
20150918,1.11,0.33,0.08
20150919,1.11,0.33,0.08
20150920,-0.52,-0.2,-0.06
20150921,-0.61,-0.2,-0.07
20150922,-0.8,0.0,-0.09
20150923,-3.85,-0.4,-0.35
20150924,2.85,0.27,0.23
20150925,-1.0,-0.33,-0.1
20150926,-1.0,-0.33,-0.1
20150927,-3.84,-1.0,-0.35
20150928,-3.82,-0.67,-0.35
20150929,-2.32,-0.2,-0.22
20150930,-0.88,0.0,-0.09
20151001,0.45,-0.11,0.02
20151002,1.95,0.33,0.15
20151003,1.95,0.33,0.15
20151004,-0.66,-0.5,-0.07
20151005,1.99,0.25,0.16
20151006,3.37,0.5,0.27
20151007,-0.08,0.0,-0.02
20151008,1.76,0.33,0.14
20151009,1.84,1.0,0.14
20151010,1.84,1.0,0.14
20151011,1.8,0.5,0.14
20151012,1.25,0.08,0.09
20151013,1.67,0.08,0.13
20151014,1.64,0.08,0.12
20151015,-6.55,-0.54,-0.58
20151016,-0.12,-0.33,-0.03
20151017,-0.12,-0.33,-0.03
20151018,-2.75,-0.6,-0.25
20151019,-5.28,-0.5,-0.47
20151020,1.86,0.09,0.14
20151021,-6.48,-0.5,-0.58
20151022,3.23,0.23,0.26
20151023,0.09,0.0,-0.01
20151024,0.09,0.0,-0.01
20151025,-0.17,0.0,-0.03
20151026,-1.01,-0.11,-0.1
20151027,-4.26,-0.38,-0.38
20151028,-0.68,-0.11,-0.08
20151029,-6.73,-0.78,-0.6
20151030,2.93,1.0,0.24
20151031,2.93,1.0,0.24
20151101,-2.86,-0.6,-0.26
20151102,-4.74,-0.45,-0.43
20151103,0.79,0.0,0.05
20151104,-5.31,-0.38,-0.48
20151105,-2.06,-0.27,-0.19
20151106,0.19,0.0,-0.0
20151107,0.19,0.0,-0.0
20151108,0.26,0.0,0.01
20151109,-4.3,-0.6,-0.39
20151110,1.86,0.27,0.14
20151111,-5.43,-0.5,-0.49
20151112,-8.12,-0.71,-0.72
20151113,-1.87,-0.33,-0.18
20151114,-1.87,-0.33,-0.18
20151115,1.63,0.33,0.12
20151116,5.1,0.38,0.42
20151117,-6.68,-0.43,-0.59
20151118,-1.96,-0.17,-0.19
20151119,-0.31,-0.09,-0.04
20151120,-2.32,-0.6,-0.22
20151121,-2.32,-0.6,-0.22
20151122,-1.68,-0.33,-0.16
20151123,-3.57,-0.29,-0.33
20151124,4.15,0.45,0.34
20151125,-4.06,-0.4,-0.37
20151126,-4.83,-0.56,-0.43
20151127,-5.87,-1.0,-0.52
20151128,-5.87,-1.0,-0.52
20151129,0.97,0.2,0.07
20151130,-2.2,-0.2,-0.21
20151201,2.9,0.17,0.23
20151202,-3.72,-0.45,-0.34
20151203,2.99,0.27,0.24
20151204,0.07,0.0,-0.01
20151205,0.07,0.0,-0.01
20151206,-1.92,-0.33,-0.18
20151207,-5.54,-0.5,-0.5
20151208,-2.01,-0.17,-0.19
20151209,5.32,0.54,0.44
20151210,-4.46,-0.4,-0.4
20151211,-1.99,-0.6,-0.19
20151212,-1.99,-0.6,-0.19
20151213,-2.76,-0.6,-0.26
20151214,-8.61,-0.6,-0.76
20151215,-1.23,-0.2,-0.12
20151216,-3.08,-0.33,-0.28
20151217,-6.87,-0.54,-0.61
20151218,0.09,0.0,-0.01
20151219,0.09,0.0,-0.01
20151220,-2.48,-0.6,-0.23
20151221,0.0,0.0,-0.02
20151222,2.58,0.27,0.21
20151223,1.89,0.0,0.15
20151224,6.4,0.78,0.54
20151225,6.4,0.78,0.54
20151226,6.4,0.78,0.54
20151227,-1.14,-0.33,-0.12
20151228,-4.83,-0.5,-0.43
20151229,5.5,0.75,0.46
20151230,-4.25,-0.71,-0.38
20151231,-1.83,-0.33,-0.17
20160101,-1.83,-0.33,-0.17
20160102,-1.83,-0.33,-0.17
20160103,0.87,-0.14,0.06
20160104,0.01,-0.08,-0.02
20160105,-0.02,0.0,-0.02
20160106,-1.44,-0.08,-0.14
20160107,0.4,0.0,0.02
20160108,-3.4,-0.6,-0.31
20160109,-3.4,-0.6,-0.31
20160110,-1.79,-0.33,-0.17
20160111,-4.93,-0.45,-0.44
20160112,-9.53,-0.71,-0.84
20160113,1.82,0.17,0.14
20160114,-1.83,-0.17,-0.17
20160115,-1.98,-0.33,-0.19
20160116,0.0,0.0,-0.02
20160117,-1.63,-0.33,-0.16
20160118,-4.04,-0.2,-0.37
20160119,-1.41,-0.07,-0.14
20160120,-2.3,-0.17,-0.22
20160121,-1.09,-0.09,-0.11
20160122,4.92,0.71,0.41
20160123,-0.77,-1.0,-0.08
20160124,1.47,0.2,0.11
20160125,-2.97,-0.14,-0.27
20160126,5.62,0.5,0.47
20160127,-0.91,-0.07,-0.1
20160128,3.11,0.29,0.25
20160129,0.46,0.2,0.02
20160130,0.46,0.2,0.02
20160131,-3.97,-0.5,-0.36
20160201,-5.62,-0.43,-0.5
20160202,-4.12,-0.33,-0.37
20160203,-0.36,-0.09,-0.05
20160204,2.4,0.23,0.19
20160205,2.15,0.6,0.17
20160206,2.15,0.6,0.17
20160207,1.88,0.14,0.15
20160208,2.97,0.27,0.24
20160209,-6.69,-0.64,-0.59
20160210,-3.61,-0.29,-0.33
20160211,2.15,0.17,0.17
20160212,0.68,0.2,0.04
20160213,0.68,0.2,0.04
20160214,-7.13,-0.64,-0.63
20160215,0.58,0.08,0.03
20160216,1.33,0.18,0.1
20160217,2.09,0.29,0.16
20160218,-0.26,-0.08,-0.04
20160219,-2.18,-0.33,-0.21
20160220,-2.18,-0.33,-0.21
20160221,-1.54,-0.14,-0.15
20160222,-1.16,-0.08,-0.12
20160223,-0.94,-0.08,-0.1
20160224,-3.98,-0.33,-0.36
20160225,-1.68,0.0,-0.16
20160226,-0.87,-0.14,-0.09
20160227,0.99,1.0,0.07
20160228,-1.06,-0.14,-0.11
20160229,5.31,0.33,0.44
20160301,1.83,0.12,0.14
20160302,-7.28,-0.5,-0.65
20160303,7.41,0.47,0.62
20160304,0.53,0.14,0.03
20160305,0.53,0.14,0.03
20160306,-0.29,0.0,-0.04
20160307,4.75,0.38,0.39
20160308,-3.97,-0.29,-0.36
20160309,-6.75,-0.37,-0.6
20160310,-4.13,-0.29,-0.37
20160311,5.37,0.75,0.45
20160312,0.12,1.0,-0.01
20160313,0.22,0.0,0.0
20160314,-6.52,-0.37,-0.58
20160315,-4.66,-0.38,-0.42
20160316,3.39,0.29,0.28
20160317,7.42,0.83,0.62
20160318,-3.51,-0.33,-0.32
20160319,-3.51,-0.33,-0.32
20160320,-2.66,-0.6,-0.25
20160321,-0.16,0.0,-0.03
20160322,-1.98,-0.38,-0.19
20160323,-8.55,-0.6,-0.76
20160324,-8.94,-0.83,-0.79
20160325,-8.94,-0.83,-0.79
20160326,-8.94,-0.83,-0.79
20160327,-0.44,-0.33,-0.05
20160328,-1.23,-0.09,-0.12
20160329,-1.93,-0.25,-0.18
20160330,1.5,0.25,0.11
20160331,-6.67,-0.54,-0.59
20160401,-1.51,-0.33,-0.15
20160402,-0.7,-1.0,-0.08
20160403,-2.76,-1.0,-0.26
20160404,-5.32,-0.4,-0.48
20160405,2.8,0.2,0.23
20160406,4.08,0.45,0.34
20160407,2.39,0.33,0.19
20160408,5.78,0.75,0.48
20160409,-0.37,-1.0,-0.05
20160410,2.43,0.43,0.19
20160411,-1.1,-0.2,-0.11
20160412,1.61,0.08,0.12
20160413,-4.57,-0.56,-0.41
20160414,-5.02,-0.29,-0.45
20160415,2.84,1.0,0.23
20160416,0.67,0.0,0.04
20160417,-0.89,0.0,-0.09
20160418,-2.51,-0.27,-0.23
20160419,1.51,0.11,0.11
20160420,-0.32,0.12,-0.04
20160421,4.12,0.5,0.34
20160422,1.93,0.33,0.15
20160423,0.92,1.0,0.06
20160424,-1.15,-0.2,-0.12
20160425,-0.9,-0.17,-0.09
20160426,4.95,0.45,0.41
20160427,6.56,0.64,0.55
20160428,-0.93,0.0,-0.1
20160429,1.16,0.0,0.08
20160430,0.62,1.0,0.04
20160501,-1.64,-0.2,-0.16
20160502,-1.41,-0.08,-0.14
20160503,-2.71,-0.23,-0.25
20160504,2.29,0.33,0.18
20160505,7.06,0.53,0.59
20160506,1.11,0.14,0.08
20160507,-0.75,-1.0,-0.08
20160508,1.43,0.33,0.11
20160509,-4.88,-0.38,-0.44
20160510,3.99,0.29,0.33
20160511,-1.18,-0.27,-0.12
20160512,-5.12,-0.29,-0.46
20160513,-2.08,-0.25,-0.2
20160514,-2.08,-0.25,-0.2
20160515,0.3,0.14,0.01
20160516,8.52,0.57,0.72
20160517,6.64,0.64,0.56
20160518,-4.55,-0.4,-0.41
20160519,-4.41,-0.38,-0.4
20160520,-0.91,-0.33,-0.1
20160521,0.99,1.0,0.07
20160522,-1.44,-0.14,-0.14
20160523,-10.65,-0.71,-0.94
20160524,1.67,0.07,0.13
20160525,1.25,0.12,0.09
20160526,1.58,0.07,0.12
20160527,-6.22,-0.6,-0.55
20160528,-6.22,-0.6,-0.55
20160529,-1.6,-0.6,-0.16
20160530,-4.98,-0.45,-0.45
20160531,1.8,0.07,0.14
20160601,-3.7,-0.23,-0.34
20160602,0.75,0.08,0.05
20160603,-0.04,0.11,-0.02
20160604,-0.04,0.11,-0.02
20160605,1.2,0.0,0.09
20160606,4.77,0.5,0.4
20160607,5.16,0.29,0.43
20160608,4.42,0.2,0.37
20160609,-3.56,-0.33,-0.32
20160610,-3.53,-0.33,-0.32
20160611,-3.53,-0.33,-0.32
20160612,0.46,0.14,0.02
20160613,-2.85,-0.17,-0.26
20160614,-4.66,-0.45,-0.42
20160615,-3.0,-0.4,-0.28
20160616,-1.14,0.0,-0.12
20160617,0.95,0.0,0.07
20160618,0.95,0.0,0.07
20160619,0.48,0.2,0.02
20160620,4.64,0.38,0.38
20160621,-4.81,-0.33,-0.43
20160622,2.34,0.12,0.19
20160623,-2.05,-0.2,-0.19
20160624,-5.23,-0.78,-0.47
20160625,0.92,1.0,0.06
20160626,-0.55,-0.5,-0.06
20160627,3.2,0.23,0.26
20160628,4.98,0.45,0.41
20160629,0.1,0.0,-0.01
20160630,-0.4,-0.07,-0.05
20160701,2.31,0.43,0.18
20160702,0.02,0.0,-0.02
20160703,-2.04,-0.5,-0.19
20160704,0.62,0.0,0.04
20160705,-2.35,-0.07,-0.22
20160706,2.76,0.29,0.22
20160707,-1.52,-0.12,-0.15
20160708,2.55,0.43,0.2
20160709,2.55,0.43,0.2
20160710,-0.91,-0.2,-0.1
20160711,-1.23,-0.08,-0.12
20160712,0.62,0.0,0.04
20160713,7.47,0.53,0.63
20160714,-2.52,-0.14,-0.23
20160715,-3.01,-0.43,-0.28
20160716,-3.01,-0.43,-0.28
20160717,-1.83,-0.33,-0.17
20160718,-5.01,-0.6,-0.45
20160719,2.74,0.33,0.22
20160720,-3.49,-0.38,-0.32
20160721,1.06,0.14,0.07
20160722,-0.93,-0.14,-0.1
20160723,1.0,1.0,0.07
20160724,-2.06,-0.5,-0.19
20160725,-5.86,-0.64,-0.52
20160726,-8.5,-0.69,-0.75
20160727,-6.68,-0.57,-0.59
20160728,0.0,0.0,-0.02
20160729,-6.18,-0.43,-0.55
20160730,-6.18,-0.43,-0.55
20160731,-2.4,-0.33,-0.22
20160801,-0.83,0.0,-0.09
20160802,-0.06,-0.09,-0.02
20160803,3.68,0.45,0.3
20160804,2.89,0.33,0.23
20160805,-2.77,-0.6,-0.26
20160806,-2.77,-0.6,-0.26
20160807,0.47,0.2,0.02
20160808,-0.66,-0.09,-0.07
20160809,-3.47,-0.33,-0.32
20160810,-2.97,-0.2,-0.27
20160811,-2.7,-0.23,-0.25
20160812,-1.15,0.0,-0.12
20160813,-1.15,0.0,-0.12
20160814,1.25,0.33,0.09
20160815,6.09,0.54,0.51
20160816,2.7,0.23,0.22
20160817,-7.07,-0.47,-0.63
20160818,6.49,0.64,0.54
20160819,-0.31,-0.14,-0.04
20160820,-0.31,-0.14,-0.04
20160821,-2.65,-0.43,-0.25
20160822,-3.22,-0.33,-0.3
20160823,-4.56,-0.33,-0.41
20160824,-8.02,-0.67,-0.71
20160825,-5.73,-0.4,-0.51
20160826,0.63,0.0,0.04
20160827,0.63,0.0,0.04
20160828,-4.52,-0.67,-0.41
20160829,-1.64,-0.17,-0.16
20160830,-3.77,-0.33,-0.34
20160831,-2.38,-0.14,-0.22
20160901,2.32,0.27,0.18
20160902,1.01,0.2,0.07
20160903,0.99,1.0,0.07
20160904,-1.89,-0.6,-0.18
20160905,4.05,0.27,0.33
20160906,1.08,0.11,0.08
20160907,4.96,0.45,0.41
20160908,3.16,0.29,0.26
20160909,-2.91,-0.43,-0.27
20160910,-0.99,-1.0,-0.1
20160911,-3.05,-0.33,-0.28
20160912,-0.8,0.0,-0.09
20160913,-3.47,-0.23,-0.32
20160914,4.24,0.45,0.35
20160915,-4.25,-0.27,-0.38
20160916,-6.35,-0.78,-0.57
20160917,0.06,0.0,-0.01
20160918,3.28,0.33,0.27
20160919,0.38,-0.08,0.02
20160920,1.1,0.0,0.08
20160921,5.92,0.6,0.49
20160922,4.04,0.38,0.33
20160923,0.15,-0.14,-0.0
20160924,0.08,1.0,-0.01
20160925,2.62,0.6,0.21
20160926,-2.19,-0.2,-0.21
20160927,-3.95,-0.33,-0.36
20160928,1.99,0.07,0.16
20160929,-2.92,-0.29,-0.27
20160930,-3.42,-0.67,-0.31
20161001,-3.42,-0.67,-0.31
20161002,-0.87,0.0,-0.09
20161003,0.03,0.14,-0.01
20161004,-0.31,0.11,-0.04
20161005,4.62,0.38,0.38
20161006,-2.03,-0.14,-0.19
20161007,-0.75,-0.14,-0.08
20161008,-0.75,-0.14,-0.08
20161009,-1.73,-0.11,-0.17
20161010,4.03,0.29,0.33
20161011,-2.65,-0.27,-0.25
20161012,-0.31,0.0,-0.04
20161013,2.07,0.08,0.16
20161014,1.55,0.5,0.12
20161015,0.98,1.0,0.07
20161016,-2.09,-0.14,-0.2
20161017,-0.13,0.0,-0.03
20161018,5.17,0.45,0.43
20161019,1.84,0.33,0.14
20161020,-3.96,-0.5,-0.36
20161021,1.53,0.5,0.12
20161022,1.0,1.0,0.07
20161023,-3.28,-0.67,-0.3
20161024,-3.28,-0.43,-0.3
20161025,0.16,0.0,-0.0
20161026,-0.38,0.0,-0.05
20161027,5.96,0.38,0.5
20161028,-4.05,-0.45,-0.37
20161029,-4.05,-0.45,-0.37
20161030,-3.18,-0.67,-0.29
20161031,-1.34,-0.25,-0.13
20161101,-0.47,0.0,-0.06
20161102,-0.07,0.0,-0.02
20161103,7.09,0.82,0.6
20161104,-3.97,-0.67,-0.36
20161105,-3.97,-0.67,-0.36
20161106,0.9,0.33,0.06
20161107,2.76,0.33,0.22
20161108,0.11,0.0,-0.01
20161109,-0.25,0.0,-0.04
20161110,-2.45,-0.14,-0.23
20161111,-4.25,-0.71,-0.38
20161112,-4.25,-0.71,-0.38
20161113,-0.35,0.0,-0.05
20161114,-1.0,-0.11,-0.1
20161115,-0.39,0.0,-0.05
20161116,-1.46,-0.12,-0.14
20161117,0.81,0.0,0.05
20161118,1.18,0.14,0.09
20161119,0.88,1.0,0.06
20161120,-0.16,0.0,-0.03
20161121,6.55,0.8,0.55
20161122,4.23,0.56,0.35
20161123,7.04,0.67,0.59
20161124,0.66,-0.14,0.04
20161125,-1.51,-1.0,-0.15
20161126,0.96,1.0,0.07
20161127,0.15,0.0,-0.0
20161128,2.14,0.17,0.17
20161129,-4.84,-0.25,-0.43
20161130,6.37,0.33,0.53
20161201,8.69,0.5,0.73
20161202,0.87,0.0,0.06
20161203,0.49,0.33,0.03
20161204,-0.18,0.0,-0.03
20161205,2.62,0.14,0.21
20161206,-3.42,-0.29,-0.31
20161207,4.55,0.16,0.38
20161208,-1.4,-0.17,-0.14
20161209,1.06,0.14,0.07
20161210,-1.04,-0.33,-0.11
20161211,-0.68,0.0,-0.08
20161212,5.14,0.45,0.43
20161213,-0.18,-0.07,-0.03
20161214,-7.07,-0.5,-0.63
20161215,1.88,0.27,0.15
20161216,4.34,0.45,0.36
20161217,4.34,0.45,0.36
20161218,1.02,0.33,0.07
20161219,-2.69,-0.27,-0.25
20161220,-3.6,-0.45,-0.33
20161221,-3.31,-0.45,-0.3
20161222,3.07,0.43,0.25
20161223,1.7,0.33,0.13
20161224,-0.1,0.0,-0.03
20161225,-0.66,0.0,-0.07
20161226,1.94,1.0,0.15
20161227,6.09,0.6,0.51
20161228,2.29,0.33,0.18
20161229,-1.46,-0.11,-0.14
20161230,0.58,0.14,0.03
20161231,0.58,0.14,0.03
20170101,0.4,0.33,0.02
20170102,4.84,1.0,0.4
20170103,1.8,0.14,0.14
20170104,9.12,0.6,0.77
20170105,-0.37,0.0,-0.05
20170106,1.28,0.2,0.09
20170107,-0.94,-1.0,-0.1
20170108,-0.43,0.0,-0.05
20170109,-0.51,0.0,-0.06
20170110,3.89,0.33,0.32
20170111,-1.77,-0.08,-0.17
20170112,6.49,0.67,0.54
20170113,-3.26,-0.43,-0.3
20170114,-3.26,-0.43,-0.3
20170115,1.38,0.33,0.1
20170116,3.21,0.33,0.26
20170117,11.62,0.87,0.99
20170118,-2.09,-0.23,-0.2
20170119,6.66,0.38,0.56
20170120,3.61,0.67,0.3
20170121,3.61,0.67,0.3
20170122,1.59,0.33,0.12
20170123,2.71,0.23,0.22
20170124,3.17,0.29,0.26
20170125,-2.97,-0.23,-0.27
20170126,2.82,0.14,0.23
20170127,-4.02,-0.4,-0.36
20170128,-4.02,-0.4,-0.36
20170129,-0.8,-0.5,-0.09
20170130,-4.12,-0.45,-0.37
20170131,4.45,0.38,0.37
20170201,-0.03,0.0,-0.02
20170202,3.69,0.4,0.3
20170203,3.64,0.33,0.3
20170204,3.64,0.33,0.3
20170205,1.87,0.33,0.14
20170206,0.67,0.09,0.04
20170207,-3.42,-0.4,-0.31
20170208,-1.71,-0.07,-0.16
20170209,1.53,0.09,0.12
20170210,3.71,0.56,0.3
20170211,-0.29,-1.0,-0.04
20170212,-1.55,-0.2,-0.15
20170213,-1.91,0.0,-0.18
20170214,1.5,0.14,0.11
20170215,-6.79,-0.57,-0.6
20170216,4.03,0.33,0.33
20170217,-2.77,-0.43,-0.26
20170218,-2.0,-1.0,-0.19
20170219,-0.55,0.0,-0.06
20170220,0.22,0.0,0.0
20170221,4.31,0.5,0.36
20170222,2.4,0.18,0.19
20170223,5.45,0.47,0.45
20170224,-1.59,-0.09,-0.15
20170225,0.62,0.0,0.04
20170226,-0.78,-0.33,-0.08
20170227,1.1,0.0,0.08
20170228,-9.94,-0.56,-0.88
20170301,-4.37,-0.29,-0.39
20170302,-0.12,0.0,-0.03
20170303,3.31,0.5,0.27
20170304,3.31,0.5,0.27
20170305,1.47,0.14,0.11
20170306,1.28,0.08,0.09
20170307,-4.19,-0.25,-0.38
20170308,-7.98,-0.53,-0.71
20170309,-3.94,-0.22,-0.36
20170310,1.52,0.17,0.11
20170311,0.32,1.0,0.01
20170312,0.86,0.14,0.06
20170313,-2.01,-0.14,-0.19
20170314,-5.92,-0.54,-0.53
20170315,8.51,0.53,0.72
20170316,-0.67,-0.07,-0.07
20170317,4.1,0.71,0.34
20170318,-1.03,-1.0,-0.11
20170319,-1.6,-0.2,-0.16
20170320,3.1,0.18,0.25
20170321,0.91,0.12,0.06
20170322,-5.47,-0.54,-0.49
20170323,1.78,0.07,0.14
20170324,5.75,0.5,0.48
20170325,2.58,1.0,0.21
20170326,1.57,0.14,0.12
20170327,0.5,0.0,0.03
20170328,5.9,0.36,0.49
20170329,-1.11,-0.07,-0.11
20170330,-2.29,-0.14,-0.21
20170331,-0.21,0.0,-0.03
20170401,-0.21,0.0,-0.03
20170402,-2.73,-0.33,-0.25
20170403,1.0,0.0,0.07
20170404,4.75,0.33,0.39
20170405,2.6,0.25,0.21
20170406,4.49,0.25,0.37
20170407,4.84,0.56,0.4
20170408,4.84,0.56,0.4
20170409,1.28,0.33,0.09
20170410,3.82,0.33,0.31
20170411,3.82,0.33,0.31
20170412,2.07,0.11,0.16
20170413,5.23,0.56,0.43
20170414,1.63,1.0,0.12
20170415,1.27,0.33,0.09
20170416,0.01,0.0,-0.02
20170417,-2.53,-0.2,-0.24
20170418,-3.64,-0.33,-0.33
20170419,0.73,0.1,0.05
20170420,0.73,0.14,0.05
20170421,-0.83,0.0,-0.09
20170422,-0.2,-1.0,-0.03
20170423,-0.78,0.0,-0.08
20170424,-2.88,-0.23,-0.27
20170425,-2.18,-0.2,-0.21
20170426,-2.1,-0.2,-0.2
20170427,-2.89,-0.2,-0.27
20170428,1.97,0.23,0.15
20170429,1.97,0.23,0.15
20170430,-0.59,0.0,-0.07
20170501,-7.82,-0.8,-0.69
20170502,3.81,0.5,0.31
20170503,-2.13,-0.25,-0.2
20170504,-5.49,-0.38,-0.49
20170505,3.84,0.5,0.31
20170506,0.07,1.0,-0.01
20170507,1.26,0.5,0.09
20170508,-1.77,-0.12,-0.17
20170509,0.95,0.07,0.07
20170510,5.97,0.47,0.5
20170511,5.03,0.29,0.42
20170512,0.66,0.0,0.04
20170513,0.66,0.0,0.04
20170514,0.56,0.33,0.03
20170515,8.17,0.6,0.69
20170516,2.89,0.29,0.23
20170517,0.29,0.0,0.01
20170518,2.9,0.17,0.23
20170519,-0.05,-0.09,-0.02
20170520,0.4,1.0,0.02
20170521,-1.46,-0.2,-0.14
20170522,8.63,0.47,0.73
20170523,-2.55,-0.18,-0.24
20170524,-2.42,-0.29,-0.23
20170525,-5.22,-0.33,-0.47
20170526,1.91,0.09,0.15
20170527,1.91,0.09,0.15
20170528,0.04,0.33,-0.01
20170529,-0.86,0.0,-0.09
20170530,-4.72,-0.6,-0.42
20170531,-2.57,-0.27,-0.24
20170601,-3.37,-0.33,-0.31
20170602,-2.97,-0.25,-0.27
20170603,0.2,1.0,0.0
20170604,3.99,0.43,0.33
20170605,2.54,0.11,0.2
20170606,6.77,0.5,0.57
20170607,-7.99,-0.71,-0.71
20170608,-4.31,-0.29,-0.39
20170609,-4.78,-0.54,-0.43
20170610,-1.63,-1.0,-0.16
20170611,-0.56,0.0,-0.07
20170612,6.43,0.57,0.54
20170613,-4.77,-0.33,-0.43
20170614,-0.72,-0.12,-0.08
20170615,-5.54,-0.5,-0.5
20170616,2.37,0.43,0.19
20170617,2.37,0.43,0.19
20170618,-0.53,0.0,-0.06
20170619,-6.05,-0.33,-0.54
20170620,-6.45,-0.38,-0.57
20170621,2.19,0.18,0.17
20170622,5.45,0.33,0.45
20170623,4.58,0.56,0.38
20170624,4.58,0.56,0.38
20170625,-0.76,0.0,-0.08
20170626,-0.12,-0.17,-0.03
20170627,5.53,0.33,0.46
20170628,1.06,0.08,0.07
20170629,0.07,0.0,-0.01
20170630,-2.3,-0.67,-0.22
20170701,-2.3,-0.67,-0.22
20170702,-0.84,-0.2,-0.09
20170703,-0.88,0.0,-0.09
20170704,-2.61,-0.27,-0.24
20170705,-8.07,-0.71,-0.71
20170706,1.98,0.33,0.15
20170707,-3.91,-0.33,-0.35
20170708,-3.91,-0.33,-0.35
20170709,1.6,0.33,0.12
20170710,2.1,0.29,0.16
20170711,2.35,0.27,0.19
20170712,0.58,-0.12,0.03
20170713,-5.76,-0.43,-0.51
20170714,4.1,0.45,0.34
20170715,0.79,1.0,0.05
20170716,3.11,0.67,0.25
20170717,7.19,0.54,0.6
20170718,3.78,0.33,0.31
20170719,3.06,0.17,0.25
20170720,1.62,0.17,0.12
20170721,-0.34,0.0,-0.05
20170722,-0.25,-1.0,-0.04
20170723,-2.45,-0.33,-0.23
20170724,6.58,0.64,0.55
20170725,2.35,0.12,0.19
20170726,2.64,0.12,0.21
20170727,-1.01,-0.14,-0.1
20170728,3.17,0.5,0.26
20170729,3.17,0.5,0.26
20170730,1.51,0.14,0.11
20170731,1.33,0.09,0.1
20170801,-4.03,-0.29,-0.37
20170802,-2.26,-0.2,-0.21
20170803,-3.27,-0.2,-0.3
20170804,0.15,0.14,-0.0
20170805,0.15,0.14,-0.0
20170806,-2.54,-0.5,-0.24
20170807,-7.53,-0.57,-0.67
20170808,0.37,-0.08,0.02
20170809,1.51,0.0,0.11
20170810,8.29,0.6,0.7
20170811,4.34,0.6,0.36
20170812,0.95,1.0,0.07
20170813,-0.48,0.2,-0.06
20170814,-3.75,-0.56,-0.34
20170815,-7.28,-0.64,-0.65
20170816,-0.9,-0.12,-0.09
20170817,1.52,0.14,0.11
20170818,5.22,0.71,0.43
20170819,0.89,1.0,0.06
20170820,-2.13,-0.33,-0.2
20170821,1.95,0.23,0.15
20170822,3.18,0.33,0.26
20170823,-3.59,-0.33,-0.33
20170824,-1.78,-0.08,-0.17
20170825,1.6,0.11,0.12
20170826,1.96,1.0,0.15
20170827,4.01,0.33,0.33
20170828,4.1,0.24,0.34
20170829,7.12,0.41,0.6
20170830,-3.44,-0.18,-0.31
20170831,-0.12,-0.04,-0.03
20170901,-1.24,-0.09,-0.12
20170902,-1.55,-0.5,-0.15
20170903,3.15,1.0,0.26
20170904,-0.79,-0.23,-0.09
20170905,7.88,0.39,0.66
20170906,2.73,0.25,0.22
20170907,-4.85,-0.47,-0.44
20170908,1.7,0.0,0.13
20170909,1.7,0.0,0.13
20170910,0.55,0.2,0.03
20170911,-2.02,-0.06,-0.19
20170912,-3.98,-0.33,-0.36
20170913,0.3,0.09,0.01
20170914,0.62,0.0,0.04
20170915,0.01,-0.43,-0.02
20170916,-0.07,-1.0,-0.02
20170917,-1.73,-1.0,-0.17
20170918,0.18,0.07,-0.0
20170919,2.57,0.27,0.21
20170920,5.1,0.56,0.42
20170921,-4.39,-0.56,-0.4
20170922,0.99,0.0,0.07
20170923,0.0,0.0,-0.02
20170924,-2.32,-0.5,-0.22
20170925,1.8,0.12,0.14
20170926,-3.09,-0.12,-0.28
20170927,-6.15,-0.33,-0.55
20170928,-1.94,-0.14,-0.18
20170929,5.5,0.5,0.46
20170930,0.54,0.0,0.03
20171001,-3.7,-1.0,-0.34
20171002,-11.38,-0.75,-1.0
20171003,-6.84,-0.67,-0.61
20171004,-4.31,-0.29,-0.39
20171005,4.79,0.47,0.4
20171006,-4.81,-0.54,-0.43
20171007,3.08,1.0,0.25
20171008,-0.14,0.0,-0.03
20171009,5.23,0.45,0.43
20171010,4.83,0.33,0.4
20171011,-1.41,-0.09,-0.14
20171012,-2.08,-0.25,-0.2
20171013,5.92,1.0,0.49
20171014,5.92,1.0,0.49
20171015,1.93,0.33,0.15
20171016,3.61,0.16,0.3
20171017,6.15,0.37,0.51
20171018,-6.14,-0.37,-0.55
20171019,-5.36,-0.5,-0.48
20171020,-1.49,-0.17,-0.15
20171021,0.99,1.0,0.07
20171022,-3.72,-0.67,-0.34
20171023,3.81,0.2,0.31
20171024,2.36,0.18,0.19
20171025,-9.53,-0.73,-0.84
20171026,2.18,0.14,0.17
20171027,2.32,0.14,0.18
20171028,2.32,0.14,0.18
20171029,0.11,0.0,-0.01
20171030,2.39,0.18,0.19
20171031,0.23,0.0,0.0
20171101,7.7,0.3,0.65
20171102,1.84,0.14,0.14
20171103,-2.19,-0.27,-0.21
20171104,-2.19,-0.27,-0.21
20171105,-0.12,-0.14,-0.03
20171106,6.06,0.47,0.51
20171107,1.23,0.12,0.09
20171108,-0.82,-0.11,-0.09
20171109,-0.2,0.0,-0.03
20171110,0.52,0.09,0.03
20171111,-0.56,-1.0,-0.07
20171112,-0.79,-0.33,-0.09
20171113,1.27,0.05,0.09
20171114,-2.37,-0.09,-0.22
20171115,-5.9,-0.38,-0.53
20171116,1.72,0.27,0.13
20171117,7.55,0.71,0.64
20171118,7.55,0.71,0.64
20171119,-3.7,-1.0,-0.34
20171120,-2.89,-0.2,-0.27
20171121,6.93,0.47,0.58
20171122,6.28,0.37,0.53
20171123,0.14,0.0,-0.0
20171124,5.04,0.6,0.42
20171125,5.04,0.6,0.42
20171126,-0.84,-0.33,-0.09
20171127,-1.41,-0.05,-0.14
20171128,-4.55,-0.33,-0.41
20171129,0.52,0.0,0.03
20171130,-1.09,-0.06,-0.11
20171201,5.66,1.0,0.47
20171202,5.66,1.0,0.47
20171203,-6.53,-1.0,-0.58
20171204,-4.4,-0.38,-0.4
20171205,-2.75,-0.2,-0.25
20171206,-5.74,-0.37,-0.51
20171207,-1.1,-0.14,-0.11
20171208,-0.35,0.0,-0.05
20171209,-0.45,0.0,-0.06
20171210,-3.78,-1.0,-0.34
20171211,3.32,0.33,0.27
20171212,7.98,0.62,0.67
20171213,-0.34,0.0,-0.05
20171214,1.5,0.08,0.11
20171215,1.63,0.27,0.12
20171216,0.91,1.0,0.06
20171217,-1.17,-0.33,-0.12
20171218,3.25,0.14,0.26
20171219,11.05,0.85,0.94
20171220,-0.55,-0.14,-0.06
20171221,-0.76,0.11,-0.08
20171222,2.28,0.67,0.18
20171223,1.82,1.0,0.14
20171224,1.82,1.0,0.14
20171225,2.47,1.0,0.2
20171226,6.22,0.6,0.52
20171227,-3.2,-0.67,-0.29
20171228,3.11,0.2,0.25
20171229,11.52,1.0,0.98
20171230,11.52,1.0,0.98
20171231,0.95,1.0,0.07
20180101,-3.8,-1.0,-0.35
20180102,5.6,0.6,0.47
20180103,1.42,0.09,0.11
20180104,0.49,0.0,0.03
20180105,-1.91,-0.5,-0.18
20180106,-1.91,-0.5,-0.18
20180107,-3.13,-0.6,-0.29
20180108,-0.92,-0.09,-0.1
20180109,1.39,0.06,0.1
20180110,4.35,0.38,0.36
20180111,1.88,0.17,0.15
20180112,2.06,0.33,0.16
20180113,-0.45,0.0,-0.06
20180114,-2.8,-0.6,-0.26
20180115,1.8,0.25,0.14
20180116,-2.6,-0.2,-0.24
20180117,1.56,0.08,0.12
20180118,-2.46,-0.14,-0.23
20180119,-4.82,-0.64,-0.43
20180120,-0.28,-1.0,-0.04
20180121,-3.71,-0.56,-0.34
20180122,-0.09,-0.07,-0.02
20180123,5.57,0.38,0.46
20180124,4.76,0.43,0.39
20180125,-2.29,-0.33,-0.21
20180126,-0.13,0.11,-0.03
20180127,0.85,1.0,0.06
20180128,-1.19,-0.2,-0.12
20180129,-4.33,-0.23,-0.39
20180130,-5.51,-0.47,-0.49
20180131,1.54,0.17,0.12
20180201,5.79,0.43,0.48
20180202,0.4,0.2,0.02
20180203,0.4,0.2,0.02
20180204,-4.34,-0.67,-0.39
20180205,-5.42,-0.54,-0.49
20180206,-2.26,-0.25,-0.21
20180207,-5.26,-0.5,-0.47
20180208,-4.21,-0.38,-0.38
20180209,-4.12,-0.45,-0.37
20180210,-4.12,-0.45,-0.37
20180211,0.19,0.0,-0.0
20180212,10.21,0.75,0.87
20180213,-1.55,-0.06,-0.15
20180214,-1.99,-0.23,-0.19
20180215,-1.34,0.0,-0.13
20180216,0.29,0.14,0.01
20180217,0.92,1.0,0.06
20180218,-0.89,-0.2,-0.09
20180219,0.38,0.11,0.02
20180220,-5.51,-0.5,-0.49
20180221,-6.98,-0.54,-0.62
20180222,-1.14,0.0,-0.12
20180223,-2.33,-0.27,-0.22
20180224,0.01,0.33,-0.02
20180225,-0.62,0.0,-0.07
20180226,1.03,0.2,0.07
20180227,-4.47,-0.33,-0.4
20180228,-1.1,-0.17,-0.11
20180301,-1.83,-0.14,-0.17
20180302,1.16,0.18,0.08
20180303,-0.64,-1.0,-0.07
20180304,-0.45,-0.2,-0.06
20180305,-1.14,-0.27,-0.12
20180306,0.38,-0.07,0.02
20180307,-6.26,-0.38,-0.56
20180308,1.46,0.0,0.11
20180309,-0.92,-0.17,-0.1
20180310,-0.92,-0.17,-0.1
20180311,0.89,0.33,0.06
20180312,-6.32,-0.64,-0.56
20180313,-0.37,0.0,-0.05
20180314,2.88,0.38,0.23
20180315,3.21,0.2,0.26
20180316,0.81,0.27,0.05
20180317,0.91,0.33,0.06
20180318,-0.81,-0.33,-0.09
20180319,-5.68,-0.38,-0.51
20180320,-2.02,-0.2,-0.19
20180321,1.87,0.14,0.14
20180322,3.23,0.2,0.26
20180323,4.32,0.45,0.36
20180324,0.54,1.0,0.03
20180325,-1.74,-0.5,-0.17
20180326,0.03,0.14,-0.01
20180327,-3.61,-0.4,-0.33
20180328,-8.82,-0.4,-0.78
20180329,2.08,0.06,0.16
20180330,-1.3,-0.2,-0.13
20180331,-1.3,-0.2,-0.13
20180401,-1.74,-1.0,-0.17
20180402,-0.76,-0.08,-0.08
20180403,1.52,0.25,0.11
20180404,0.03,0.0,-0.01
20180405,1.7,0.17,0.13
20180406,-1.11,-0.17,-0.11
20180407,0.94,1.0,0.06
20180408,-0.48,0.0,-0.06
20180409,1.99,0.2,0.16
20180410,5.78,0.54,0.48
20180411,5.4,0.43,0.45
20180412,-0.19,-0.06,-0.03
20180413,6.96,0.67,0.58
20180414,-0.51,-1.0,-0.06
20180415,-1.77,-0.5,-0.17
20180416,-3.26,-0.27,-0.3
20180417,4.2,0.25,0.35
20180418,-0.59,-0.09,-0.07
20180419,-0.65,-0.1,-0.07
20180420,-1.9,-0.12,-0.18
20180421,-1.9,-0.12,-0.18
20180422,-1.57,-0.5,-0.15
20180423,-6.67,-0.5,-0.59
20180424,0.89,0.14,0.06
20180425,0.99,0.08,0.07
20180426,3.15,0.18,0.26
20180427,0.82,0.08,0.05
20180428,0.82,0.08,0.05
20180429,-2.81,-1.0,-0.26
20180430,-3.57,-0.29,-0.33
20180501,-0.54,0.0,-0.06
20180502,-3.04,-0.2,-0.28
20180503,-0.7,-0.11,-0.08
20180504,0.94,0.09,0.06
20180505,-0.64,0.0,-0.07
20180506,0.59,0.2,0.03
20180507,7.21,0.69,0.61
20180508,0.19,0.27,-0.0
20180509,4.44,0.45,0.37
20180510,4.72,0.33,0.39
20180511,3.65,0.38,0.3
20180512,0.5,1.0,0.03
20180513,-0.91,-0.33,-0.1
20180514,-2.37,-0.09,-0.22
20180515,1.63,0.12,0.12
20180516,2.24,0.08,0.18
20180517,9.87,0.85,0.84
20180518,0.16,0.08,-0.0
20180519,0.16,0.08,-0.0
20180520,1.89,1.0,0.15
20180521,2.43,0.33,0.19
20180522,-1.41,-0.09,-0.14
20180523,-1.86,-0.11,-0.18
20180524,3.39,0.38,0.28
20180525,-5.56,-0.38,-0.5
20180526,-0.33,0.0,-0.05
20180527,-1.0,-0.33,-0.1
20180528,-4.54,-0.45,-0.41
20180529,-4.52,-0.33,-0.41
20180530,-1.04,0.0,-0.11
20180531,-0.08,0.0,-0.02
20180601,-2.4,-0.25,-0.22
20180602,0.7,1.0,0.04
20180603,-3.5,-0.6,-0.32
20180604,-5.98,-0.67,-0.53
20180605,1.0,0.0,0.07
20180606,-0.57,-0.08,-0.07
20180607,4.98,0.5,0.41
20180608,-5.26,-0.6,-0.47
20180609,-0.67,-1.0,-0.07
20180610,-2.58,-1.0,-0.24
20180611,1.02,0.09,0.07
20180612,-2.6,-0.14,-0.24
20180613,-4.28,-0.29,-0.39
20180614,1.59,0.38,0.12
20180615,-4.33,-0.18,-0.39
20180616,0.98,1.0,0.07
20180617,-1.76,-1.0,-0.17
20180618,-0.3,-0.2,-0.04
20180619,-4.29,-0.33,-0.39
20180620,-0.73,-0.05,-0.08
20180621,-8.26,-0.45,-0.73
20180622,1.01,0.12,0.07
20180623,-1.93,-1.0,-0.18
20180624,0.1,0.0,-0.01
20180625,-2.82,-0.33,-0.26
20180626,-0.56,0.08,-0.07
20180627,1.1,0.0,0.08
20180628,-4.37,-0.33,-0.39
20180629,0.34,0.09,0.01
20180630,-0.99,-1.0,-0.1
20180701,-3.37,-0.67,-0.31
20180702,-4.55,-0.56,-0.41
20180703,5.52,0.43,0.46
20180704,-1.14,0.0,-0.12
20180705,-3.85,-0.25,-0.35
20180706,-1.88,-0.07,-0.18
20180707,0.66,1.0,0.04
20180708,-1.18,-0.5,-0.12
20180709,1.32,0.0,0.1
20180710,2.38,0.2,0.19
20180711,-9.8,-0.75,-0.86
20180712,0.57,0.0,0.03
20180713,-4.93,-0.71,-0.44
20180714,-4.93,-0.71,-0.44
20180715,-0.51,0.0,-0.06
20180716,-6.53,-0.8,-0.58
20180717,-0.29,0.0,-0.04
20180718,0.44,0.09,0.02
20180719,-1.83,0.0,-0.17
20180720,1.02,0.1,0.07
20180721,0.12,0.0,-0.01
20180722,-1.8,-1.0,-0.17
20180723,-0.73,-0.09,-0.08
20180724,5.54,0.43,0.46
20180725,0.29,0.08,0.01
20180726,1.88,0.08,0.15
20180727,-4.72,-1.0,-0.42
20180728,-4.72,-1.0,-0.42
20180729,0.18,0.2,-0.0
20180730,-4.48,-0.45,-0.4
20180731,-4.7,-0.6,-0.42
20180801,-5.33,-0.45,-0.48
20180802,-2.01,-0.33,-0.19
20180803,-2.72,-0.27,-0.25
20180804,-2.72,-0.27,-0.25
20180805,-0.93,-0.33,-0.1
20180806,1.86,0.33,0.14
20180807,7.07,0.8,0.59
20180808,-1.45,-0.11,-0.14
20180809,-0.22,0.09,-0.04
20180810,-2.12,-0.17,-0.2
20180811,0.0,0.0,-0.02
20180812,-1.88,-0.6,-0.18
20180813,-8.44,-0.62,-0.75
20180814,1.6,0.2,0.12
20180815,-6.35,-0.38,-0.57
20180816,3.32,0.5,0.27
20180817,-1.83,-0.2,-0.17
20180818,-1.83,-0.2,-0.17
20180819,-2.04,-1.0,-0.19
20180820,3.0,0.23,0.24
20180821,5.26,0.6,0.44
20180822,2.33,0.2,0.18
20180823,-1.98,-0.2,-0.19
20180824,11.77,0.86,1.0
20180825,11.77,0.86,1.0
20180826,-1.91,-1.0,-0.18
20180827,3.49,0.33,0.28
20180828,-2.25,-0.2,-0.21
20180829,-0.07,0.05,-0.02
20180830,0.16,0.2,-0.0
20180831,0.86,0.0,0.06
20180901,0.86,0.0,0.06
20180902,-1.79,-1.0,-0.17
20180903,-0.02,0.0,-0.02
20180904,5.75,0.33,0.48
20180905,3.25,0.4,0.26
20180906,-4.08,-0.33,-0.37
20180907,-7.64,-0.67,-0.68
20180908,0.99,1.0,0.07
20180909,-0.31,-0.33,-0.04
20180910,3.15,0.23,0.26
20180911,0.09,-0.07,-0.01
20180912,-3.48,-0.23,-0.32
20180913,1.82,0.11,0.14
20180914,-1.76,-0.08,-0.17
20180915,0.86,1.0,0.06
20180916,-3.93,-0.67,-0.36
20180917,-1.29,-0.2,-0.13
20180918,3.18,0.2,0.26
20180919,3.7,0.4,0.3
20180920,-0.83,0.0,-0.09
20180921,1.68,0.17,0.13
20180922,-0.85,-1.0,-0.09
20180923,-0.61,-0.14,-0.07
20180924,8.34,0.57,0.7
20180925,3.19,0.29,0.26
20180926,-2.48,-0.23,-0.23
20180927,2.79,0.14,0.22
20180928,1.4,0.0,0.1
20180929,0.97,1.0,0.07
20180930,0.19,0.0,-0.0
20181001,3.48,0.29,0.28
20181002,2.89,0.18,0.23
20181003,-4.6,-0.38,-0.41
20181004,-3.04,-0.33,-0.28
20181005,8.17,0.83,0.69
20181006,-0.38,-1.0,-0.05
20181007,-4.64,-1.0,-0.42
20181008,-3.28,-0.29,-0.3
20181009,-0.13,-0.14,-0.03
20181010,0.28,0.0,0.01
20181011,-2.91,-0.33,-0.27
20181012,1.48,0.09,0.11
20181013,1.48,0.09,0.11
20181014,-1.77,-1.0,-0.17
20181015,3.13,0.47,0.25
20181016,1.77,0.17,0.14
20181017,-1.78,-0.2,-0.17
20181018,-3.21,-0.4,-0.29
20181019,3.76,0.33,0.31
20181020,3.76,0.33,0.31
20181021,-1.51,-0.5,-0.15
20181022,0.09,0.0,-0.01
20181023,-3.05,-0.23,-0.28
20181024,-4.35,-0.56,-0.39
20181025,-2.91,-0.23,-0.27
20181026,0.32,0.0,0.01
20181027,-0.61,-1.0,-0.07
20181028,-1.67,-1.0,-0.16
20181029,-4.69,-0.6,-0.42
20181030,-5.1,-0.45,-0.46
20181031,-4.08,-0.5,-0.37
20181101,0.56,-0.07,0.03
20181102,-4.57,-0.78,-0.41
20181103,0.44,1.0,0.02
20181104,-1.86,-0.33,-0.18
20181105,-1.35,-0.25,-0.13
20181106,-6.98,-0.38,-0.62
20181107,0.12,0.0,-0.01
20181108,-6.5,-0.54,-0.58
20181109,-4.07,-0.29,-0.37
20181110,1.55,1.0,0.12
20181111,-5.09,-0.56,-0.46
20181112,4.02,0.2,0.33
20181113,-5.98,-0.57,-0.53
20181114,7.22,0.6,0.61
20181115,3.08,0.29,0.25
20181116,0.98,0.2,0.07
20181117,0.98,0.2,0.07
20181118,0.92,0.33,0.06
20181119,-3.98,-0.27,-0.36
20181120,-0.87,-0.09,-0.09
20181121,10.05,0.73,0.85
20181122,-2.92,-0.6,-0.27
20181123,-3.92,-0.27,-0.36
20181124,-3.92,-0.27,-0.36
20181125,0.86,0.2,0.06
20181126,1.66,0.2,0.13
20181127,-4.61,-0.25,-0.42
20181128,8.84,0.62,0.75
20181129,3.88,0.33,0.32
20181130,-1.44,-0.2,-0.14
20181201,0.45,1.0,0.02
20181202,2.04,0.33,0.16
20181203,3.02,0.11,0.24
20181204,5.01,0.5,0.42
20181205,3.53,0.38,0.29
20181206,-8.57,-0.47,-0.76
20181207,4.92,0.56,0.41
20181208,4.92,0.56,0.41
20181209,-1.06,-0.33,-0.11
20181210,-2.56,-0.4,-0.24
20181211,3.57,0.38,0.29
20181212,0.55,0.0,0.03
20181213,2.47,-0.06,0.2
20181214,-7.55,-0.8,-0.67
20181215,-0.04,0.0,-0.02
20181216,-3.05,-0.67,-0.28
20181217,1.84,0.11,0.14
20181218,1.48,0.11,0.11
20181219,-0.94,-0.08,-0.1
20181220,-3.5,-0.23,-0.32
20181221,-4.69,-0.6,-0.42
20181222,-4.69,-0.6,-0.42
20181223,1.11,0.33,0.08
20181224,-0.11,-0.11,-0.03
20181225,0.98,1.0,0.07
20181226,4.98,0.56,0.41
20181227,-2.13,-0.14,-0.2
20181228,4.49,0.4,0.37
20181229,1.59,1.0,0.12
20181230,0.45,0.33,0.02
20181231,-3.35,-0.67,-0.31
20190101,-3.35,-0.67,-0.31
20190102,-0.31,0.0,-0.04
20190103,4.59,0.43,0.38
20190104,1.14,0.17,0.08
20190105,-0.97,-1.0,-0.1
20190106,-1.74,-0.5,-0.17
20190107,7.58,0.54,0.64
20190108,4.1,0.5,0.34
20190109,2.29,0.33,0.18
20190110,-4.64,-0.2,-0.42
20190111,2.27,0.4,0.18
20190112,-1.11,-0.33,-0.11
20190113,-1.55,-0.2,-0.15
20190114,0.64,0.0,0.04
20190115,3.39,0.45,0.28
20190116,6.7,0.5,0.56
20190117,-3.73,-0.45,-0.34
20190118,2.39,0.27,0.19
20190119,1.71,1.0,0.13
20190120,-0.01,0.0,-0.02
20190121,-2.85,-0.6,-0.26
20190122,-2.9,-0.27,-0.27
20190123,-1.59,-0.17,-0.15
20190124,-10.46,-0.62,-0.92
20190125,-1.35,-0.27,-0.13
20190126,0.88,1.0,0.06
20190127,-2.66,-0.5,-0.25
20190128,-1.99,-0.18,-0.19
20190129,4.46,0.26,0.37
20190130,4.08,0.25,0.34
20190131,5.31,0.38,0.44
20190201,0.55,0.09,0.03
20190202,0.55,0.09,0.03
20190203,-1.27,-0.5,-0.13
20190204,-0.7,0.11,-0.08
20190205,-0.05,0.0,-0.02
20190206,-1.94,-0.14,-0.18
20190207,2.87,0.29,0.23
20190208,2.25,0.25,0.18
20190209,2.25,0.25,0.18
20190210,-3.3,-0.6,-0.3
20190211,-4.57,-0.12,-0.41
20190212,7.69,0.41,0.65
20190213,5.24,0.64,0.44
20190214,3.86,0.38,0.32
20190215,7.06,0.67,0.59
20190216,-0.48,-1.0,-0.06
20190217,-1.79,-1.0,-0.17
20190218,3.65,0.5,0.3
20190219,3.53,0.29,0.29
20190220,-0.32,0.08,-0.04
20190221,-0.36,-0.06,-0.05
20190222,-1.42,-0.2,-0.14
20190223,-1.42,-0.2,-0.14
20190224,-2.65,-1.0,-0.25
20190225,-1.06,-0.12,-0.11
20190226,5.34,0.33,0.44
20190227,0.85,0.08,0.06
20190228,1.39,0.06,0.1
20190301,-1.46,-0.2,-0.14
20190302,-1.46,-0.2,-0.14
20190303,-0.22,0.0,-0.04
20190304,-1.76,-0.2,-0.17
20190305,0.99,0.08,0.07
20190306,-0.27,0.0,-0.04
20190307,-3.92,-0.38,-0.36
20190308,-2.42,-0.11,-0.23
20190309,-2.42,-0.11,-0.23
20190310,-0.83,-0.33,-0.09
20190311,2.83,0.18,0.23
20190312,5.53,0.44,0.46
20190313,8.8,0.62,0.74
20190314,-2.73,-0.12,-0.25
20190315,0.37,0.14,0.02
20190316,-0.23,0.0,-0.04
20190317,-4.48,-0.38,-0.4
20190318,0.81,0.0,0.05
20190319,3.02,0.6,0.24
20190320,5.11,0.41,0.42
20190321,2.51,0.27,0.2
20190322,-1.31,-0.11,-0.13
20190323,-1.31,-0.11,-0.13
20190324,-1.84,-1.0,-0.18
20190325,0.69,0.0,0.04
20190326,0.96,0.08,0.07
20190327,-3.41,-0.4,-0.31
20190328,-9.72,-0.65,-0.86
20190329,3.17,0.23,0.26
20190330,-0.94,-1.0,-0.1
20190331,-2.25,-0.2,-0.21
20190401,1.71,0.2,0.13
20190402,4.38,0.29,0.36
20190403,2.11,0.17,0.17
20190404,-1.23,-0.17,-0.12
20190405,-1.08,-0.14,-0.11
20190406,-0.6,0.0,-0.07
20190407,-0.5,-0.33,-0.06
20190408,9.29,0.6,0.79
20190409,2.65,0.22,0.21
20190410,0.24,0.09,0.0
20190411,-7.67,-0.82,-0.68
20190412,3.3,0.4,0.27
20190413,0.22,1.0,0.0
20190414,-0.98,-0.2,-0.1
20190415,-6.89,-0.64,-0.61
20190416,-5.59,-0.44,-0.5
20190417,-0.97,0.0,-0.1
20190418,-0.92,-0.17,-0.1
20190419,1.17,1.0,0.08
20190420,1.17,1.0,0.08
20190421,-0.86,-1.0,-0.09
20190422,4.4,0.29,0.36
20190423,4.52,0.37,0.37
20190424,-2.0,-0.14,-0.19
20190425,-5.67,-0.57,-0.51
20190426,1.25,0.0,0.09
20190427,-1.45,-0.33,-0.14
20190428,-0.55,-0.33,-0.06
20190429,-6.58,-0.54,-0.59
20190430,3.62,0.33,0.3
20190501,-0.02,0.2,-0.02
20190502,-9.16,-0.65,-0.81
20190503,0.8,0.09,0.05
20190504,-0.67,-1.0,-0.07
20190505,-3.25,-1.0,-0.3
20190506,-1.39,-0.33,-0.14
20190507,0.41,-0.08,0.02
20190508,7.15,0.67,0.6
20190509,0.3,0.08,0.01
20190510,6.12,0.45,0.51
20190511,0.7,0.0,0.04
20190512,-1.04,-0.33,-0.11
20190513,1.3,0.33,0.1
20190514,1.2,0.0,0.09
20190515,1.16,0.08,0.08
20190516,4.16,0.25,0.34
20190517,2.74,0.12,0.22
20190518,-0.4,-1.0,-0.05
20190519,-0.28,0.2,-0.04
20190520,1.18,0.09,0.09
20190521,3.78,0.5,0.31
20190522,-3.91,-0.5,-0.35
20190523,-1.62,-0.12,-0.16
20190524,3.45,0.5,0.28
20190525,3.45,0.5,0.28
20190526,0.38,0.0,0.02
20190527,-0.83,-0.43,-0.09
20190528,-2.03,-0.17,-0.19
20190529,1.5,0.14,0.11
20190530,1.91,0.2,0.15
20190531,-1.45,-0.14,-0.14
20190601,-0.83,-1.0,-0.09
20190602,-2.82,-0.6,-0.26
20190603,0.42,0.08,0.02
20190604,-2.13,-0.14,-0.2
20190605,0.35,0.27,0.01
20190606,2.31,0.05,0.18
20190607,8.36,0.73,0.71
20190608,-0.15,0.0,-0.03
20190609,-2.13,-0.25,-0.2
20190610,4.69,0.25,0.39
20190611,3.35,0.38,0.27
20190612,-4.22,-0.38,-0.38
20190613,8.08,0.33,0.68
20190614,5.36,0.47,0.45
20190615,-0.01,0.0,-0.02
20190616,1.6,0.14,0.12
20190617,-2.85,-0.4,-0.26
20190618,6.28,0.47,0.53
20190619,-0.85,-0.33,-0.09
20190620,7.46,0.82,0.63
20190621,6.08,0.75,0.51
20190622,6.08,0.75,0.51
20190623,2.09,0.5,0.16
20190624,0.26,0.0,0.01
20190625,2.79,0.29,0.22
20190626,0.17,-0.12,-0.0
20190627,-4.07,-0.23,-0.37
20190628,-5.03,-0.26,-0.45
20190629,2.51,0.33,0.2
20190630,-0.09,-0.2,-0.02
20190701,-3.12,0.14,-0.29
20190702,-4.42,-0.5,-0.4
20190703,7.76,0.83,0.65
20190704,-5.13,-0.5,-0.46
20190705,-3.6,-0.33,-0.33
20190706,0.67,0.33,0.04
20190707,-2.43,-0.6,-0.23
20190708,-0.13,-0.09,-0.03
20190709,0.41,0.17,0.02
20190710,1.75,0.14,0.13
20190711,3.26,0.38,0.26
20190712,5.42,0.18,0.45
20190713,0.42,1.0,0.02
20190714,-1.82,-0.5,-0.17
20190715,-1.02,-0.11,-0.1
20190716,-3.48,-0.2,-0.32
20190717,-0.73,0.11,-0.08
20190718,5.63,0.33,0.47
20190719,7.79,0.67,0.66
20190720,7.79,0.67,0.66
20190721,0.1,0.0,-0.01
20190722,4.3,0.45,0.35
20190723,-2.76,-0.17,-0.26
20190724,-2.57,-0.25,-0.24
20190725,4.04,0.45,0.33
20190726,4.83,0.45,0.4
20190727,0.0,0.0,-0.02
20190728,-0.86,-1.0,-0.09
20190729,-5.07,-0.33,-0.45
20190730,5.31,0.43,0.44
20190731,-1.13,-0.27,-0.11
20190801,-3.14,-0.2,-0.29
20190802,6.65,0.6,0.56
20190803,6.65,0.6,0.56
20190804,-0.12,0.0,-0.03
20190805,-0.96,-0.17,-0.1
20190806,1.47,0.0,0.11
20190807,-0.02,0.0,-0.02
20190808,6.0,0.33,0.5
20190809,2.31,0.14,0.18
20190810,2.31,0.14,0.18
20190811,-0.37,0.0,-0.05
20190812,3.28,0.29,0.27
20190813,-2.64,-0.4,-0.24
20190814,0.88,0.12,0.06
20190815,-0.34,0.09,-0.05
20190816,6.52,0.4,0.55
20190817,1.73,1.0,0.13
20190818,0.77,0.2,0.05
20190819,-0.8,-0.09,-0.09
20190820,2.16,0.23,0.17
20190821,3.18,0.37,0.26
20190822,-4.64,-0.16,-0.42
20190823,2.42,0.25,0.19
20190824,0.7,1.0,0.04
20190825,-1.85,-1.0,-0.18
20190826,2.39,0.14,0.19
20190827,1.3,0.2,0.1
20190828,1.46,0.17,0.11
20190829,2.9,0.4,0.23
20190830,-5.41,-0.54,-0.48
20190831,-0.72,0.0,-0.08
20190901,1.13,0.33,0.08
20190902,-1.72,-0.25,-0.17
20190903,-4.73,-0.47,-0.43
20190904,8.07,0.75,0.68
20190905,-4.92,-0.38,-0.44
20190906,0.8,0.0,0.05
20190907,0.8,0.0,0.05
20190908,-2.46,-0.5,-0.23
20190909,-0.86,-0.05,-0.09
20190910,-4.1,-0.22,-0.37
20190911,3.51,0.26,0.29
20190912,2.03,0.06,0.16
20190913,-1.89,-0.33,-0.18
20190914,0.7,0.0,0.04
20190915,1.9,0.43,0.15
20190916,8.47,0.57,0.71
20190917,-4.26,-0.29,-0.38
20190918,-4.9,-0.45,-0.44
20190919,4.91,0.43,0.41
20190920,5.73,0.5,0.48
20190921,-0.76,-1.0,-0.08
20190922,0.32,0.0,0.01
20190923,3.35,0.26,0.27
20190924,-1.56,-0.09,-0.15
20190925,-9.4,-0.71,-0.83
20190926,2.57,0.33,0.21
20190927,1.19,0.14,0.09
20190928,1.19,0.14,0.09
20190929,-1.65,-1.0,-0.16
20190930,-2.38,-0.27,-0.22
20191001,1.63,0.33,0.12
20191002,-2.25,-0.12,-0.21
20191003,4.25,0.38,0.35
20191004,-1.63,-0.14,-0.16
20191005,-0.99,-0.33,-0.1
20191006,-0.97,-1.0,-0.1
20191007,-1.6,-0.33,-0.16
20191008,-0.68,-0.08,-0.08
20191009,-0.33,-0.07,-0.05
20191010,6.2,0.5,0.52
20191011,3.18,0.33,0.26
20191012,0.98,1.0,0.07
20191013,2.04,1.0,0.16
20191014,2.6,0.23,0.21
20191015,-6.25,-0.67,-0.56
20191016,5.88,0.57,0.49
20191017,-0.04,0.09,-0.02
20191018,-3.22,-0.5,-0.3
20191019,-3.22,-0.5,-0.3
20191020,-0.69,-1.0,-0.08
20191021,-5.46,-0.38,-0.49
20191022,-0.02,0.0,-0.02
20191023,1.91,0.14,0.15
20191024,0.56,0.07,0.03
20191025,1.24,0.0,0.09
20191026,1.24,0.0,0.09
20191027,-0.86,-1.0,-0.09
20191028,-4.56,-0.33,-0.41
20191029,-6.95,-0.54,-0.62
20191030,-1.84,0.0,-0.18
20191031,-0.43,0.0,-0.05
20191101,-1.51,-0.2,-0.15
20191102,0.88,1.0,0.06
20191103,-2.84,-1.0,-0.26
20191104,1.99,0.25,0.16
20191105,3.77,0.33,0.31
20191106,1.96,0.12,0.15
20191107,-0.98,0.0,-0.1
20191108,1.38,0.09,0.1
20191109,-0.97,-1.0,-0.1
20191110,-0.86,-1.0,-0.09
20191111,-5.18,-0.56,-0.46
20191112,1.81,0.27,0.14
20191113,1.82,0.2,0.14
20191114,1.95,0.27,0.15
20191115,3.49,0.4,0.28
20191116,3.49,0.4,0.28
20191117,-0.86,-1.0,-0.09
20191118,-0.46,-0.11,-0.06
20191119,-3.02,-0.27,-0.28
20191120,2.25,0.4,0.18
20191121,-2.05,-0.27,-0.19
20191122,3.46,0.56,0.28
20191123,0.92,1.0,0.06
20191124,-0.86,-1.0,-0.09
20191125,-1.23,-0.25,-0.12
20191126,-0.04,0.0,-0.02
20191127,-3.55,-0.43,-0.32
20191128,-3.78,-0.4,-0.34
20191129,-2.71,-0.23,-0.25
20191130,-2.71,-0.23,-0.25
20191201,0.12,-0.33,-0.01
20191202,-0.72,-0.14,-0.08
20191203,6.89,0.54,0.58
20191204,-2.16,-0.08,-0.2
20191205,5.11,0.33,0.42
20191206,2.48,0.23,0.2
20191207,2.48,0.23,0.2
20191208,-0.63,-0.2,-0.07
20191209,-3.23,-0.29,-0.3
20191210,-0.98,0.0,-0.1
20191211,2.57,0.4,0.21
20191212,0.66,0.2,0.04
20191213,6.64,0.5,0.56
20191214,6.64,0.5,0.56
20191215,0.1,0.0,-0.01
20191216,2.16,0.27,0.17
20191217,-0.96,-0.11,-0.1
20191218,-3.61,-0.33,-0.33
20191219,9.25,0.56,0.78
20191220,-1.37,-0.14,-0.14
20191221,0.89,1.0,0.06
20191222,-0.02,0.0,-0.02
20191223,8.2,1.0,0.69
20191224,2.59,0.6,0.21
20191225,-0.81,-0.33,-0.09
20191226,3.67,0.71,0.3
20191227,3.56,0.67,0.29
20191228,3.56,0.67,0.29
20191229,0.88,1.0,0.06
20191230,5.11,0.71,0.42
20191231,-0.71,0.0,-0.08
